	post_id	text	annotatorid1	target1	label1	rationales	final_label
0	1456285387396091904	['USER', 'මට', 'උස', 'ඝිල්ල', 'සුදුවෙලා', 'බඩ', 'අඩුකරාන', 'රැවුල', 'වවාන', 'එන්න', 'කීව', 'බුලත්', 'හපයෙක්ව', 'කසිප්පුකාරයෙක්ව', 'බදින්න', 'එයාට', 'පිස්සු', 'නෑ', 'කීව', 'අනික', 'ගමෙන්', 'හොයාගන්න', 'කිව්ව', 'විටකන', 'අම්මන්ඩියෙක්ව']	1	['None']	offensive	[[0, 0, 0, 0, 0, 0, 0, 0, 0, 0, 0, 1, 1, 1, 0, 0, 0, 0, 0, 0, 0, 0, 0, 1, 1]]	toxic
1	1410554078438907907	['රැල්ලට', 'අහු', 'නොවී', 'සල්ලි', 'ප්\u200dරින්ට්', 'කරලාය', 'අරකය', 'මේකයි', 'කියලා', 'හැමනෙන්නෙ', 'නැතිව', 'Currency', 'swap', 'Inflation', 'මේ', 'concept', 'වල', 'තේරැම', 'හොයාගනියව්', 'මොකද', 'නැත්තං', 'රැල්ලට', 'පුක', 'දෙන්න', 'ගිහිං', 'ආණ්ඩු', 'මාරැ', 'කර', 'කර', 'රටේ', 'විනාසෙ', 'මෙතුවක්', 'කල්', 'කරලා', 'තියෙන්නෙ', 'අර', '225', 'නෙවේ', 'රැල්ලට', 'මෝඩ', 'හැත්තක්', 'වගේ', 'පුක', 'දීපු', 'උබයි', 'මමයි']	1	['None']	offensive	[[0, 0, 0, 0, 0, 0, 0, 0, 0, 1, 0, 0, 0, 0, 0, 0, 0, 0, 0, 0, 0, 0, 1, 1, 0, 0, 0, 0, 0, 0, 0, 0, 0, 0, 0, 0, 0, 0, 0, 1, 1, 0, 1, 1, 0, 0]]	toxic
2	933600231433711616	['නංගි', 'බාත්', 'රූම්', 'එකට', 'ගිහින්', 'ඇඳුම්', 'එක', 'එක', 'ගලවලා', 'අන්තිමට', 'මගේ', 'පැත්තට', 'පස්ස', 'හරවලා', 'පුක', 'පද්ද', 'පද්ද', 'පෑන්ටිය', 'ගැලෙව්වා', 'URL']	1	['None']	offensive	[[0, 0, 0, 0, 0, 0, 0, 0, 0, 0, 0, 0, 1, 1, 1, 1, 1, 1, 1, 0]]	toxic
3	965052610230145025	['මේ', 'වේසාවෝ', 'අවුරුදු', 'ගානක්', 'twitter', 'ඉන්නවාස්පෑම්', 'එකක්', 'අදුර', 'ගන්න', 'බෑ', 'යනවා', 'කවුද', 'මගේ', 'ප්\u200dරොෆයිල්', 'එක', 'බලන්න', 'ආවෙ', 'කියලා', 'මෝඩ', 'හරක්', 'ඉතින්', 'දෙවැනි', 'ඉනිම', 'බලන', 'උන්', 'වැඩි', 'එක', 'අහන්න', 'දෙයක්යැ']	1	['None']	offensive	[[0, 1, 0, 0, 0, 0, 0, 0, 0, 0, 0, 0, 0, 0, 0, 0, 0, 0, 1, 1, 0, 0, 0, 0, 0, 0, 0, 0, 0]]	toxic
4	755269222138122240	['බල්ලන්', 'එක්ක', 'නිදාගත්තම', 'නැගිටින්න', 'වෙන්නේ', 'මැක්කෝ', 'එක්ක', 'වේස', 'ගෑණු', 'එක්ක', 'වාද', 'කරන්න', 'ගියාම', 'වෙන්නෙත්', 'ඕකම', 'තමයි']	1	['None']	offensive	[[0, 0, 0, 0, 0, 0, 0, 1, 1, 0, 0, 0, 0, 0, 0, 0]]	toxic
5	628523135416016896	['මන්', 'උබලගේ', 'පොස්ට්', 'වලට', 'කුප්ප', 'ජහජරා', 'හැමිනෙච්ච', 'බල්ලොත්', 'නොබලන', 'වේස', 'කමන්ට්', 'දාන්නේ', 'උබලට', 'තියෙන', 'ආදරේට', 'මචන්', '3', '3']	1	['None']	offensive	[[0, 0, 0, 0, 1, 1, 1, 1, 1, 1, 0, 0, 0, 0, 0, 0, 0, 0]]	toxic
6	1346309658521206784	['USER', 'USER', 'කියලා', 'පෝලිම්', 'දාගෙන', 'වදාපු', 'අවජාතක', 'හැත්ත', 'උඹලා', 'හම්බයන්ටද', 'පෘතුගීසි', 'කැරියන්ටද', 'කියලා', 'හරියටම', 'හොයලා', 'බලාගනින්', 'උඹලගේ', 'ජාතකේ', 'මේකෙ', 'ඉන්න', 'වේස', 'බැල්ලියන්ගේ', 'පැණි', 'අම්බුඩ', 'එකතු', 'කරලා', 'තම්බලා', 'බීපල්ලා', 'ඔය', 'කැරිකම', 'හරියනවද', 'බලන්න']	1	['None']	offensive	[[0, 0, 0, 0, 0, 0, 1, 1, 0, 1, 0, 1, 0, 0, 0, 0, 0, 0, 0, 0, 1, 1, 0, 1, 0, 0, 0, 0, 0, 1, 0, 0]]	toxic
7	1125070172543279111	['මේ', 'වගේ', 'පොන්න', 'පේජ්', 'කාරයෝ', 'නිසා', 'තමා', 'සෝසල්', 'මීඩියා', 'තහනම්', 'වෙන්නේ', 'මිනිසුන්', 'කලබල', 'වන', 'title', 'දාලා', 'පොඩි', 'සීන්', 'විඩියෝ', 'එකක්', 'පෙන්වලා', 'අපිව', 'subscribe', 'කරන්නලූ', 'කාලකන්නි', 'SriLanka', 'lka', 'Negombo', 'The', 'following', 'media', 'includes', 'potentially', 'sensitive', 'content', 'Change', 'settings', 'View']	1	['None']	offensive	[[0, 0, 1, 0, 0, 0, 0, 0, 0, 0, 0, 0, 0, 0, 0, 0, 0, 0, 0, 0, 0, 0, 0, 0, 1, 0, 0, 0, 0, 0, 0, 0, 0, 0, 0, 0, 0, 0]]	toxic
8	732898377638105088	['පොන්නය', 'උඹ', 'කවුද', 'කියල', 'මේ', 'photo', 'එකෙන්', 'පේනවතොට', 'හෙනම', 'ගහපියඅපේ', 'හමුදා', 'වීරයො', 'සැමදා', 'අමරණීයයි', 'Vikalpa', 'USER', '·', '18', 'May', '2016', 'Remembering', 'Mulliwaikkal', 'MulliwaikkalBeach', 'srilanka', 'lka']	1	['None']	offensive	[[1, 1, 0, 0, 0, 0, 0, 0, 1, 0, 0, 0, 0, 0, 0, 0, 0, 0, 0, 0, 0, 0, 0, 0, 0]]	toxic
9	1167334497177624576	['මේ', 'වගේ', 'Photoshop', 'කරපුවා', 'ඉදිරියේදී', 'විශාල', 'වශයෙන්', 'ප්\u200dරචාරය', 'කිරීමට', 'පොන්න', 'UNP', 'නඩය', 'සුදානම්', 'වී', 'සිටියි', 'එහෙයින්', 'ගෝඨාභය', 'මහතාට', 'සහය', 'දක්වන', 'සුවහසක්', 'චන්දදයකයිනි', 'ඒවා', 'දුටු', 'තැන', 'පහර', 'දෙන්න', 'Lanka', 'Voice', 'of', 'Media', 'USER', '·', '29', 'Aug', '2019', 'All', 'the', 'Sri', 'Lankans', 'know', 'that', 'Gotabaya', 'Rajapaksa', 'becomes', 'the', 'next', 'president', 'of', 'Sri', 'Lanka', 'So', 'some', 'are', 'playing', 'with', 'dirty', 'photo', 'editing']	1	['None']	offensive	[[0, 0, 0, 0, 0, 0, 0, 0, 0, 1, 1, 1, 0, 0, 0, 0, 0, 0, 0, 0, 0, 0, 0, 0, 0, 1, 1, 0, 0, 0, 0, 0, 0, 0, 0, 0, 0, 0, 0, 0, 0, 0, 0, 0, 0, 0, 0, 0, 0, 0, 0, 0, 0, 0, 0, 0, 0, 0, 0]]	toxic
10	609405314228600832	['පොන්න', 'රටක්', 'වෙන්නේ', 'කොහොමද', 'D', 'LKA', 'sriLanka', 'PresPollSL', 'colombo', 'galle', 'Kandy']	1	['None']	offensive	[[1, 0, 0, 0, 0, 0, 0, 0, 0, 0, 0]]	toxic
11	1346133215786856451	['දුම්බීම', 'ලිංගික', 'අප්\u200dරාණිකත්වය', 'ඇති', 'කරයි', 'ඉතිං', 'මැණික', 'උඹ', 'නැතුව', 'මේ', 'ලබ්බ', 'මොකටද', 'බෙබාගෙවචන', 'බේබදුකුමාර']	1	['None']	offensive	[[0, 0, 0, 0, 0, 0, 0, 0, 0, 0, 1, 0, 0, 0]]	toxic
12	1463473954727686148	['USER', 'කුඩු', 'ගංජා', 'අරක්කු', 'ආදී', 'තියෙන', 'කැසිනෝ', 'ආදී', 'නරක', 'විනෝදාංශ', 'අතරින්', 'ඉතාම', 'සුලු', 'වෙලාවකින්', 'අහෝ', 'කියවෙන', 'සෙල්ලමක්', 'තමයි', 'බඩු', 'ඕක', 'ගහල', 'ආවත්', 'සෙක්ස්', 'වර්කර්ලට', 'අහවල්', 'ලබ්බ', 'නැතිවෙනවායකියල', 'දහසක්', 'හෑලි', 'තැන්', 'තැන්වල']	1	['None']	offensive	[[0, 0, 0, 0, 0, 0, 0, 0, 0, 0, 0, 0, 0, 0, 0, 0, 0, 0, 0, 0, 0, 0, 1, 0, 1, 1, 0, 0, 0, 0, 0]]	toxic
13	1121361468925063169	['USER', 'Curfew', 'දැම්මනම්', 'ඔය', 'මොන', 'ලබ්බක්වත්', 'නෑනෙ', 'යකෝඑලියට', 'බහින', 'හැම', 'එකාම', 'කස්ටඩි', 'හන්න', 'ෆෝසස්වලට', 'පවර්', 'එක', 'දුන්නම', 'හරිනෙ']	1	['None']	offensive	[[0, 0, 0, 0, 0, 1, 0, 0, 0, 0, 0, 0, 0, 0, 0, 0, 0, 0]]	toxic
14	1076881815443390464	['එකෙක්', 'ඇමරිකාවේ', 'ඉඳන්', 'ඇවිත්', 'මෙහෙ', 'දුප්පත්', 'පොඩි', 'මල්ලියෙක්ට', 'ඉස්කොලේ', 'සපත්තුවක්', 'අරන්', 'දීලා', 'එකේ', 'ෆොටො', 'එකක්', 'එෆ්', 'බී', 'දාලා', 'හම්මෝ', 'උට', 'මිනිස්සු', 'බැනලා', 'තියන', 'තරම්', 'ඉතින්', 'හුතෝ', 'ඌ', 'ඇමරිකාවේ', 'යන්නේ', 'ඌ', 'හම්බකරන', 'හැම', 'රෙද්දම', 'උබලට', 'පුදන්නද', 'අනික', 'උගේ', 'පර්සනල්', 'අකවුන්ට්', 'එකේ', 'ඌ', 'මොන', 'ලබ්බ', 'දැම්මත්', 'උඹලගේ', 'පු', 'කසන්නේ', 'ඇයි']	1	['None']	offensive	[[0, 0, 0, 0, 0, 0, 0, 0, 0, 0, 0, 0, 0, 0, 0, 0, 0, 0, 0, 0, 0, 0, 0, 0, 0, 1, 0, 0, 0, 0, 0, 0, 1, 0, 0, 0, 0, 0, 0, 0, 0, 0, 1, 0, 1, 1, 1, 0]]	toxic
15	721495045476524032	['USER', 'USER', 'USER', 'මේ', 'පොඩි', 'උන්', 'දන්න', 'ලබ්බ', 'සනී', 'ලංකාවට', 'එන්න', 'හදපු', 'නිසා', 'තමා', 'එකි', 'ගැන', 'දන්නෙ', 'සමහරැ', 'ලීසාව', 'මියාව', 'දන්නෙත්', 'නෑ', 'ඒකයි', 'සනි', 'ඉදිරියෙන්']	1	['None']	offensive	[[0, 0, 0, 0, 0, 0, 0, 1, 0, 0, 0, 0, 0, 0, 0, 0, 0, 0, 0, 0, 0, 0, 0, 0, 0]]	toxic
16	1367088118860570629	['USER', 'අන්න', 'ඒ', 'බය', 'තියාගෙ', 'යමු', 'දානවා', 'ට්\u200dරැවලින්', 'බෑග්', 'එකේ', 'බෙල්ල', 'නෙවෙයි', 'බිජ්ජ', 'නැතුව']	1	['None']	offensive	[[0, 0, 0, 0, 0, 0, 0, 0, 0, 0, 1, 1, 1, 1]]	toxic
17	1110940536049946629	['හෙළ', 'කරුමේ', 'USER', 'උන්', 'කරොත්', 'පට්ට', 'ලොකුවෙන්', 'හුණු', 'බිජ්ජක්', 'වගේ', 'එකක්', 'තමයි', 'යකෝ', 'ප්\u200dරොජෙක්ට්', 'එක', 'නිවාස', 'ලක්ෂ', '500000', 'ක්', 'කොරන්නේ', 'නිවාස', '177', '00354', 'ක්ලු', 'යකෝ', 'මේ', 'විදියට', 'මේ', 'පන්', 'ලක්ශේ', 'ඉවර', 'කොරන්න', 'මුන්ට', 'අවුරුදු', '100', 'ක්', 'විතර', 'බලය', 'දෙන්න', 'වේවිනෙ', 'srilanka', 'USER', 'USER', 'USER']	1	['None']	offensive	[[0, 1, 0, 0, 0, 0, 0, 1, 1, 0, 0, 0, 1, 0, 0, 0, 0, 0, 0, 0, 0, 0, 0, 0, 1, 0, 0, 0, 0, 0, 0, 0, 0, 0, 0, 0, 0, 0, 0, 0, 0, 0, 0, 0]]	toxic
18	945901524311351296	['කපනව', 'තොගෙ', 'බිජ්ජ', 'USER', 'The', 'following', 'media', 'includes', 'potentially', 'sensitive', 'content', 'Change', 'settings', 'View']	1	['None']	offensive	[[1, 1, 1, 0, 0, 0, 0, 0, 0, 0, 0, 0, 0, 0]]	toxic
19	1204285210822619136	['කොහොමද', 'කකුලුවෙක්', 'ඇවිත්', 'අන්ඩෙන්', 'බිජ්ජ', 'අල්ලද්දි']	1	['None']	offensive	[[0, 0, 0, 1, 1, 0]]	toxic
20	1360228386577158150	['USER', 'නැතුව', 'බිජ්ජෝ', 'තෝ', 'හිතුවද', 'හැමදෙම', 'ඩුප්', 'කෙලින්නෙ', 'කීලා']	1	['None']	offensive	[[0, 0, 1, 1, 0, 0, 0, 0, 0]]	toxic
21	1177104397295185920	['මේ', 'රට', 'මගෙ', 'රට', 'ආදරෙයි', 'සදහට', 'හිටියට', 'පිටරට', 'කරුමෙට', 'ඉපදුන', 'උන්', 'උඩ', 'පුටුවට', 'යව', 'යව', 'යට', 'ඉඳගෙන', 'පිල්', 'බෙදගෙන', 'අපි', 'ලෙව', 'කව', 'කව', 'ඉන්නවද', 'තවත්', 'හතක්', 'හෙන', 'වදවි', 'තොපි', 'පරම්', 'පරා', 'හතක්', 'අදත්', 'මකබෑවිල', 'යන්නෙ', 'බුරුතු', 'පිටින්', 'තොපි']	1	['None']	offensive	[[0, 0, 0, 0, 0, 0, 0, 0, 0, 0, 0, 0, 0, 0, 0, 0, 0, 0, 0, 0, 0, 0, 0, 0, 0, 0, 1, 1, 1, 0, 0, 0, 0, 1, 0, 0, 0, 1]]	toxic
22	1140653820696940545	['USER', 'ඒම', 'නෙමෙ', 'ඝොං', 'ගෑනියෙ', 'වත්තෙ', 'හුලං', 'ගෙට', 'එන්නැතුව', 'බල්ලකුටවත්', 'ඉන්න', 'බෑ', 'අපෙ', 'ගේ', 'ඇතුලෙ', 'අපි', 'ජනෙල්', 'ග්\u200dරිල්', 'වල', 'තීන්තත්', 'ගානෝඉතිං', 'ඕ', 'රෙදි', 'දාල', 'හුලං', 'නැති', 'උනාම', 'ආයෙ', 'ඔව්ව', 'උස්ස', 'උස්ස', 'ගලෝ', 'ගලෝ', 'කරුම', 'කොරන්නෙ', 'මක්කටෙයි', 'ජනෙල්', 'වල', 'තින්ත', 'ගෑව', 'රෙදි', 'ගැලෙව්ව', 'වෙරි', 'සිම්පල්']	1	['None']	offensive	[[0, 0, 0, 1, 1, 0, 0, 0, 0, 0, 0, 0, 0, 0, 0, 0, 0, 0, 0, 0, 0, 0, 0, 0, 0, 0, 0, 0, 0, 0, 0, 0, 0, 0, 0, 0, 0, 0, 0, 0, 0, 0, 0, 0]]	toxic
23	1238462627031834624	['කොරෝනා', 'බලේ', 'කියන්නෙ', '6000ට', 'ගහපු', 'බඩුව', 'ඊයේ', 'මට', 'කියනවා', '3500ලු', 'කස්ටර්මස්ල', 'නෑ', 'ලු']	1	['None']	offensive	[[0, 0, 0, 0, 0, 1, 0, 0, 0, 0, 0, 0, 0]]	toxic
24	1353688161898160128	['USER', 'ඔය', 'වගෙ', 'මුලු', 'ඇගම', 'පොරවන්', 'පට්ට', 'වේස', 'කමේ', 'යන', 'ගෑනු', 'ඉන්නවා', 'බං', 'මේ', 'ඔන', 'තරම්', 'වරේන්', 'පෙන්නන්න', 'එතකොට', 'තෙරුම්', 'යයි', 'බඩුව', 'කියන', 'එක', 'මොන', 'විදියටර', 'එනවද', 'කියලා', 'හොයාගන්න', 'බෑ', 'කියලා']	1	['None']	offensive	[[0, 0, 0, 0, 0, 0, 1, 1, 1, 0, 1, 0, 0, 0, 0, 0, 0, 0, 0, 0, 0, 1, 0, 0, 0, 0, 0, 0, 0, 0, 0]]	toxic
25	1191078382278045696	['USER', 'ඉයූව්', 'ඉයූව්', 'ඒකීට', 'බඩුව', 'කියන්න', 'එපා']	1	['None']	offensive	[[0, 0, 0, 1, 1, 0, 0]]	toxic
26	1310261919400378369	['USER', 'අනේ', 'පලයන්', 'යන්නමට', 'අමාරුවක්', 'නෑ', 'යකෝඕන', 'මගුලක්', 'හිතපන්', 'මට', 'කමක්', 'නෑමගුල්', 'කරන්න', 'ඕනනම්', 'මෙහෙම', 'පෝස්ට්', 'දාන්නෙ', 'නෑඔයාට', 'මේව', 'බලන්න', 'බැරිනන්', 'බලන්න', 'එපාප්ලීස්']	1	['None']	offensive	[[0, 1, 1, 0, 0, 1, 0, 1, 1, 0, 0, 0, 0, 0, 0, 0, 0, 0, 0, 0, 0, 0, 0]]	toxic
27	718845276497121280	['USER', 'USER', 'වටලයි', 'කල්ලිය', 'ගේ', 'අද', 'රෑට', 'හිමිහිට', 'පලයන්', 'පිලිකන්නෙන්', 'රූට', 'රෑට']	1	['None']	offensive	[[0, 0, 0, 0, 0, 0, 0, 1, 1, 1, 0, 0]]	toxic
28	716160579174473728	['USER', 'USER', 'අනේ', 'නිකන්', 'පලයන්', 'බන්', 'යන්න']	1	['None']	offensive	[[0, 0, 0, 0, 1, 1, 1]]	toxic
29	790817338220158976	['USER', 'අනේ', 'පලයන්', 'බන්', 'ගෝතයා']	1	['None']	offensive	[[0, 0, 1, 1, 1]]	toxic
30	924121196995649536	['USER', 'ඔයාලට', 'මාර', 'සන්තෝස', 'ඇතිනේ', 'හයියක්', 'වෙයන්', 'අපේ', 'එවුන්ට', 'බැලයෙක්', 'නොවී', 'මහඑකාගේ']	1	['None']	offensive	[[0, 0, 0, 0, 0, 0, 0, 0, 0, 1, 0, 0]]	toxic
31	1059088671968681984	['USER', 'මෙ', 'මුඩුක්කුවට', 'එජාපය', 'කඩේ', 'ගියාට', 'ලොල්ල', 'දැම්මට', 'වෙනත්', 'කිසිම', 'කෙනෙක්', 'කැමති', 'නැහැරාජිතරංගෙමංගලසුත්තර', 'පුන්චා', 'රනිල්පාටලිපච', 'චතුරරවිඅජිත්', 'පෙරේරාතව', 'හිදිකිසිම', 'කෙනෙක්', 'කැමති', 'නැති', 'චරිතගන්නම', 'පුත්තු', 'සල්ලිවල\u2063ටහොදයි', 'සිරසටනෙදකින්']	1	['None']	offensive	[[0, 0, 0, 0, 0, 0, 1, 0, 0, 0, 0, 0, 0, 0, 0, 0, 0, 0, 0, 0, 0, 0, 0, 0, 0]]	toxic
32	789073374722953216	['USER', 'මං', 'බූරුවෙක්', 'වගේද', 'යකෝ', 'පේන්නෙ', 'ගලවනව', 'කලිසම', 'ඔලුවෙන්', 'ගෙම්බා']	1	['None']	offensive	[[0, 0, 1, 0, 1, 0, 1, 1, 0, 1]]	toxic
33	928333464675291136	['මොනාද', 'යකෝ', 'මේ', 'TL', 'එකේ', 'මාගල්']	1	['None']	offensive	[[0, 1, 0, 0, 0, 1]]	toxic
34	907195830951485441	['USER', 'USER', 'USER', 'මල්ලි', 'අපිට', 'කුරැණෑගලද', 'කොළඹද', 'කියල', 'අදාළ', 'නෑගෙදර', 'ඉන්න', 'එකා', 'වැරැද්දක්', 'කරත්', 'වැරැද්ද', 'වැරැද්දමයි', 'දැන්', 'පලයන්', 'ගිහින්', 'පාඩම්', 'කරපන්']	1	['None']	offensive	[[0, 0, 0, 0, 0, 0, 0, 0, 0, 0, 0, 0, 0, 0, 0, 0, 0, 1, 0, 0, 0]]	toxic
35	1447608829336711173	['හැමෙනෙනවනෙඅතට', 'අරන්', 'කටට', 'දාගන්න', 'එකක්', 'නැති', 'වෙයිත', 'KKRvRCB']	1	['None']	offensive	[[0, 0, 0, 0, 0, 0, 0, 0]]	toxic
36	905476491361652737	['‘ඔබ', 'විකෘති', 'අයෙක්ද’', 'මාධ්\u200dය', 'අසයි', 'ෆොන්සේකාට', 'මල', 'පැන', 'කඩා', 'පනී', 'ඇල්ලේ', 'ගුණවංශ', 'චීවරධාරියාට', 'පිස්සු', 'හැදිලා', 'කියයිVideo', 'URL']	1	['None']	offensive	[[0, 1, 0, 0, 0, 0, 0, 0, 0, 0, 0, 0, 0, 0, 0, 0, 0]]	toxic
37	1057477987875020800	['USER', 'USER', 'This', 'is', 'the', 'problem', 'Theres', 'only', 'one', 'kind', 'the', 'SriLankans', 'උඩ', 'ඉන්න', 'උනුයි', 'යට', 'ඉන්න', 'උනුයි', 'කියලා', 'රෙද්දක්', 'නෑ', 'ඔක්කොම', 'එකතුවෙලා', 'පත්කගරත්තු', '225', 'ගොං', 'වස්සෝ', 'පිස්සු', 'කෙලිනකොට', 'කෙලවෙන්නේ', 'ඔක්කොටම', 'එකට']	1	['None']	offensive	[[0, 0, 0, 0, 0, 0, 0, 0, 0, 0, 0, 0, 0, 0, 0, 0, 0, 0, 0, 0, 0, 0, 0, 0, 0, 1, 1, 1, 1, 0, 0, 0]]	toxic
38	1000404161811202048	['මිනිස්සු', 'ආතල්', 'එකේ', 'ඉන්නවට', 'මං', 'පට්ට', 'කැමතියි', 'හැබැයි', 'මං', 'දන්න', 'කියන', 'උන්', 'කොහෙවත්', 'ඉන්න', 'ගොං', 'වේස', 'පක්කු', 'එක්ක', 'සෙට්', 'වෙලා', 'මගෙන්', 'ආතල්', 'ගන්නවට', 'මං', 'කැමති', 'නෑ', 'මං', 'දෙන', 'ආතල්', 'වෙනයි', 'මගෙන්', 'ආතල්', 'ගන්න', 'එක', 'වෙනයි']	1	['None']	offensive	[[0, 0, 0, 0, 0, 0, 0, 0, 0, 0, 0, 0, 0, 0, 1, 1, 1, 0, 0, 0, 0, 0, 0, 0, 0, 0, 0, 0, 0, 0, 0, 0, 0, 0, 0]]	toxic
39	757897910461706242	['මහින්ද', 'මැතිදු', 'ඇතුළු', 'රාජපක්\u200dෂ', 'වරුන්ට', 'වින', 'කටින', 'යහපාලු', 'හැත්තට', 'හෙන', 'ගහන්න', 'ඕනෑ', 'අසාධාරණය', 'එරෙහි', 'ප්\u200dරසන්නගෙන්', 'URL']	1	['None']	offensive	[[0, 0, 0, 0, 0, 0, 0, 0, 1, 1, 1, 0, 0, 0, 0, 0]]	toxic
40	1311254746527719424	['USER', 'ඔය', 'කතාව', 'දාන්න', 'ඕනේ', 'බුකියට', 'ඒකෙ', 'තමයි', 'සක්කිලි', 'ඉන්නේ', 'කෙල්ලන්ව', 'රවට්ටලා', 'අන්තිමට', 'ජීවිතය', 'විනාශ', 'කරන', 'මේකෙත්', 'ඇති', 'ගොඩක්', 'ම', 'රැපක්', 'වගේ', 'කරලා', 'දැම්මා', 'නං', 'අද', 'කාලේ', 'තරුණ', 'කොල්ලන්', 'ගෙ', 'ඔළුවලට', 'ඕක', 'යයි', 'බං']	1	['None']	offensive	[[0, 0, 0, 0, 0, 0, 0, 0, 1, 0, 0, 0, 0, 0, 0, 0, 0, 0, 0, 0, 0, 0, 0, 0, 0, 0, 0, 0, 0, 0, 0, 0, 0, 0]]	toxic
41	1135487032392704001	['USER', 'USER', 'USER', 'අනේ', 'අම්මට', 'හුකහන්', 'සමනල්', 'පකයා', 'තෝ', 'සමලන්', 'පොන්නයා', 'පයිය', 'කොටා']	1	['None']	offensive	[[0, 0, 0, 0, 1, 1, 1, 1, 1, 1, 1, 1, 1]]	toxic
42	1165936480453181440	['අට', 'සිඉයක්', 'කඩ', 'සද්දීත්', 'ඇති', 'පය්යා', 'නව', 'සිඉයක්', 'වැල්', 'බානින්', 'බැඳී', 'පය්යා', 'කරු', 'දෙකකින්', 'උසුලාගන', 'යන', 'පය්යා', 'කොතන', 'දමා', 'දෝ', 'නොදැනෙයි', 'කයි', 'පය්යා', 'ගුණසේන', 'මහා', 'සිංහල', 'ශබ්දකෝෂයේ', 'තියනවා', 'පයිය']	1	['None']	offensive	[[0, 0, 0, 0, 0, 1, 0, 0, 0, 0, 0, 1, 0, 0, 0, 0, 1, 0, 0, 0, 0, 0, 1, 0, 0, 0, 0, 0, 1]]	toxic
43	1345606794681278465	['USER', 'අනේ', 'පලයන්', 'චාතුර්යා', 'කියන', 'නමින්', 'ඉන්න', 'පිරිමියා', 'උඹට', 'තියෙන', 'පුකේ', 'අමාරුව', 'ඉස්කෝලෙ', 'යන', 'කෙල්ලන්ට', 'පෑඩ්', 'දෙන', 'එකෙක්', 'සිංහල', 'ජාතිය', 'නැති', 'වෙනවා', 'කියන', 'එකද', 'අනේ', 'හුත්තිපයියෝ', 'නිකන්', 'දෙන', 'පෑඩ්', 'ඇන්දම', 'ජාතියක්', 'නැති', 'වෙන්නෙ', 'කොහොමද', 'පිරිමි', 'ගණිකාව', 'තොට', 'මානසික', 'රෝගයක්', 'බේත්', 'ගනින්']	1	['None']	offensive	[[0, 0, 1, 0, 0, 0, 0, 0, 0, 0, 1, 0, 0, 0, 0, 0, 0, 0, 0, 0, 0, 0, 0, 0, 0, 0, 0, 0, 0, 0, 0, 0, 0, 0, 0, 1, 1, 0, 0, 0, 0]]	toxic
44	1028558546420609024	['උත්තරීතර', 'දායක', 'සභාවෙන්', 'ද', 'තෙලෝසිංහලබුජ්ජාගංරක්ෂක', 'සීමාරහිත', 'පුද්ගලික', 'සමාගමෙන්', 'ද', 'හැම', 'හුත්තටම', 'හොරෙංහොල්ලන', 'පයිය', 'ඔබන්න', 'හදන', 'මූණ', 'චප්පං', 'කහකඩ', 'මල්ලිගෙං', 'ද', 'පාටිය', 'ඉවරවෙලා', 'බීමතේ', 'තැන්තැන්', 'වල', 'කාණු', 'පතුළ', 'හොයන', 'අයියලා', 'අක්කලා', 'URL']	1	['None']	offensive	[[0, 0, 0, 0, 0, 0, 0, 0, 0, 1, 1, 1, 1, 1, 0, 0, 0, 0, 0, 0, 0, 0, 0, 0, 0, 0, 0, 0, 0, 0, 0]]	toxic
45	958370709146882051	['USER', 'උන්ට', 'තමයි', 'සල්ලාලයො', 'කියන්නෙ', 'එහෙම', 'තමයි', 'ලංකාවෙ', 'කැරි', 'පොන්න', 'වේසිගෙ', 'පුතාල', 'ඉන්න', 'තාක්කල්', 'ඔවගේ', 'ගොඩ', 'යෑමක්', 'නෑ']	1	['None']	offensive	[[0, 0, 0, 1, 0, 0, 0, 0, 1, 1, 1, 0, 0, 0, 0, 0, 0, 0]]	toxic
46	1120329665439248384	['ප්\u200dරවෘත්ති', 'බලලා', 'මේ', 'කැරි', 'පොන්නයෝ', 'කියන', 'කතා', 'දකිනකොට', 'ඇඟේ', 'මාලු', 'නටනවා', 'යකෝවේස', 'පොන්නයෝ', 'හැම', 'එකාම', 'ප්\u200dරසිද්ධියේ', 'සමාව', 'අරන්', 'ඉල්ලා', 'අස්', 'වෙන්න', 'ඕන', 'වේසිගේ', 'පුතාලා', 'Sorry', 'fot', 'the', 'language']	1	['None']	offensive	[[0, 0, 0, 1, 1, 0, 0, 0, 0, 1, 1, 0, 1, 0, 0, 0, 0, 0, 0, 0, 0, 0, 1, 1, 0, 0, 0, 0]]	toxic
47	1468989359017783297	['USER', 'ඡන්දේ', 'ඉල්ලන්නෙත්', 'නැතිව', 'තෝ', 'වගේ', 'පෙරේත', 'පාදෙන්', 'ආව', 'වේසිගේ', 'පුත්තුන්ට', 'මේ', 'රටේ', 'පාරිපාලනය', 'අතටගන්න', 'ඉඩ', 'තියන්නේ', 'නෑ', 'මිනිස්සු', 'බලන්', 'හිටපන්', 'වෙන', 'දේ', 'කාළකණ්නියා', 'තොගේ', 'පවුලේ', 'හැත්ත', 'විතරද', 'ජීවත්වෙන්නේ', 'පකයෝ']	1	['None']	offensive	[[0, 0, 0, 0, 1, 0, 0, 0, 0, 1, 1, 0, 0, 0, 0, 0, 0, 0, 0, 0, 0, 0, 0, 1, 1, 0, 1, 0, 0, 1]]	toxic
48	1346082570232942598	['ප්\u200dරශ්නෙ', 'මේ', 'වේසිගෙ', 'පුතාලාගෙ', 'මොලේ', 'කියන', 'කලඳක්', 'නැද්ද', 'අනුන්', 'ගැන', 'හිතන්නෙම', 'නැද්ද', '31', 'යනකොට', 'හැමෝටම', 'කතා', 'කරලා', 'ගියේ', 'ඒ', 'හැම', 'එකාම', 'දැන්', 'බයෙන්', 'ඉන්න', 'ඕන', 'මට', 'හැදුනට', 'කමක්නෑ', 'ඒත්', 'මගේ', 'පොඩි', 'එකා', 'ගෑණි', 'අම්මා', 'තාත්තා', 'නුවර', 'මුස්ලිම්', 'හෝටලේ', 'කවුන්ටර්', 'වල', 'ඉන්න', 'එකාලා', 'මාස්ක්', 'දාන්නෙ', 'නෑ', 'පහුගිය', 'දවස්', 'වල']	1	['None']	offensive	[[0, 0, 1, 1, 1, 1, 0, 0, 0, 0, 0, 0, 0, 0, 0, 0, 0, 0, 0, 0, 0, 0, 0, 0, 0, 0, 0, 0, 0, 0, 0, 0, 0, 0, 0, 0, 0, 0, 0, 0, 0, 0, 0, 0, 0, 0, 0, 0]]	toxic
49	1171106568076546048	['හැම', 'තප්පරයකම', 'යන්න', 'පුලුවන්', 'උපරිම', 'වටේ', 'ගිහින්', 'අන්තිමට', 'තාත්තා', 'තමයි', 'මගේ', 'ලෝකෙ', 'වීරයා', 'කියල', 'අප්පට', 'හැමනෙන', 'පට්ට', 'වේසියෝ', 'ඉන්න', 'රටක්', 'මේක']	1	['None']	offensive	[[0, 0, 0, 0, 0, 0, 0, 0, 0, 0, 0, 0, 0, 0, 0, 1, 1, 1, 0, 0, 0]]	toxic
50	1169576531670134784	['USER', 'USER', 'මුගේ', 'අම්මාට', 'යකෝ', 'හුක්ස්ම්ම්ස්බ්බ්ව්ස්ව්බ්ශ්හ්බ්බ්ස්\u200dය්ංඝ්ඩ්බ්ස්ව්ංහ්ව්වව්ඥ්ඦ්ව්නබ්ස්න්ස්ග්ස්ව්ස්බ්ඤක්ස්බ්බ්ස්ජ්', 'ශ්ස්ජ්බ්ස්බ්ඟ්ව්\u200dය්සුසිස්ජ්න්ඩ්බ්ංම්ස්ලම්ස්බ්ව්ංජ්ඦහ්ශ්ද්ස්ග්ස්ගව්ඥ්ට්ශ්ඩිඩ්න්බ්ස්ඝ්ස්ජ්ඩ්බ්ඩ්බ්ශ්ශ්ස්ඝ්ඩ්ජ්ඤ්ස්ක්න්ස්න්බ්බ්ව්ඥ්ඟ්හ්ශ්බ්බ්බ්ඥ']	1	['None']	offensive	[[0, 0, 1, 1, 1, 0, 0]]	toxic
51	1228713941691445249	['ටහුකන්ඩ', 'යකෝ', 'ඒ', 'ටික', 'එකළඟTweet', 'වෙලානේ', 'USER', 'USER', 'USER']	1	['None']	offensive	[[1, 1, 0, 0, 0, 0, 0, 0, 0]]	toxic
52	1229820267335122945	['මේ', 'වගේ', 'කුණුහරප', 'කියන', 'උන්ව', 'මේ', 'ට්වීටර්', 'එකේ', 'තියන්න', 'හොඳ', 'නෑ', 'එකෙම්ම', 'මේව', 'යකෝ', 'මල්', 'වවලා', 'තිබ්බ', 'තැන්', 'මල්', 'මල්', 'මාළුපාන්', 'ට්\u200dරිගර්ලන්තේමීහරකා', 'Jerry', '\uea00', 'USER', '·', '18', 'Feb', '2020', 'මේන්න', 'හුකනෝ', 'twittercomSapumalJayas…']	1	['None']	offensive	[[0, 0, 0, 0, 0, 0, 0, 0, 0, 0, 0, 0, 0, 1, 0, 0, 0, 0, 0, 0, 0, 0, 0, 0, 0, 0, 0, 0, 0, 0, 1, 0]]	toxic
53	1256386562188873728	['USER', 'USER', 'අනේ', 'තෝ', 'හුක', 'මාලි']	1	['None']	offensive	[[0, 0, 0, 1, 1, 1]]	toxic
54	1350831692445962240	['USER', 'කසිප්පු', 'අල්ලපු', 'පොලිසා', 'නන්ද', 'සෙන', 'අල්ලපන්', 'පොලිසා', 'තෝ', 'නන්දසෙන්', 'නැගෙන', 'හිර', 'ජැටිය', 'දුන්නද', 'නන්දසේන', 'ඔව්', 'පොලිසා', 'තොට', 'ඒකට', 'ගානක්', 'හම්බ', 'උනාද', 'රට', 'වෙනුවෙන්', 'නන්දසේන', 'ඔව්', 'පොලිසා', 'ටහුකන්න', 'එකට', 'තමා', 'ට්ටෝ', 'විකුනනවා', 'කියන්නේ']	1	['None']	offensive	[[0, 0, 0, 0, 0, 0, 0, 0, 1, 0, 0, 0, 0, 0, 0, 0, 0, 1, 0, 0, 0, 0, 0, 0, 0, 0, 0, 1, 0, 0, 1, 0, 0]]	toxic
55	1410937829375430656	['USER', 'තෝ', 'වරෙන්කෝ', 'ආයිත්', 'අරක්', 'මෙකයි', 'කියලා', 'ඔපදුප', 'කියාගෙන']	1	['None']	offensive	[[0, 1, 1, 0, 1, 1, 0, 0, 0]]	toxic
56	975001022606147585	['තෝ', 'නේද', 'මගේ', 'මාළු', 'පාන්', 'එක', 'හොරෙන්', 'කෑවේ', 'URL', 'This', 'Tweet', 'is', 'unavailable']	1	['None']	offensive	[[1, 0, 0, 0, 0, 0, 1, 0, 0, 0, 0, 0, 0]]	toxic
57	977230994859229184	['USER', 'මොන', 'හුත්තක්ද', 'නංගි', 'කියන්නෙ', 'ඔයාල', 'හැමනෙන්න', 'යද්දිත්', 'කොල්ල', 'එක්ක', 'තාත්තා', 'මතක්', 'කරන්ද', 'ඒ', 'වැඩ', 'කරන්නේ', 'අපි', 'මේ', 'අද', 'ඊයෙ', 'මේවට', 'ආපු', 'සූටි', 'බබාල', 'නෙමෙඕ', 'වගෙ', 'අම්ම', 'අප්ප', 'මතක්', 'කරං', 'ආවම', 'නැට්ට', 'පුකේ', 'ගහං', 'කෝක', 'උනත්', 'කිම්බක්', 'නිසාම', 'දෙකට', 'නැවීගෙන', 'අනේ', 'නංගියො', 'කියන', 'මූකලන්', 'බස්සොත්', 'ඇතිඅපි', 'ඒම', 'සූටි', 'නෑ', 'ඕකේ']	1	['None']	offensive	[[0, 0, 1, 0, 0, 0, 1, 0, 0, 0, 0, 0, 0, 0, 0, 0, 0, 0, 0, 0, 0, 0, 1, 1, 0, 0, 0, 0, 0, 0, 0, 1, 1, 1, 0, 0, 1, 0, 0, 0, 0, 0, 0, 1, 1, 0, 0, 1, 0, 0]]	toxic
58	1053585704834355200	['මාව', 'දිරවන්නෙ', 'නැති', 'අද', 'ඊයෙ', 'ඇඩ්', 'වෙච්ච', 'ගොබ්බන්ට', 'කියන්නෙ', 'කිම්බ', 'කන්නද', 'ලිස්ට්', 'එකෙ', 'ඉන්නෙ', 'අන්ෆෙන්ඩ්', 'වෙලා', 'වද', 'නොදී', 'පලයන්කො', 'හුත්තො']	1	['None']	offensive	[[0, 0, 0, 0, 0, 0, 0, 1, 0, 1, 1, 0, 0, 0, 0, 0, 0, 0, 1, 1]]	toxic
59	1079652999843196928	['Possible', 'bloopers', 'කිම්බ', 'එලියට', 'දාන්න', 'කූඩුවෙන්', 'කිම්බ', 'ඇතුලට', 'දාන්න', 'කූඩුවට', 'කිම්බ', 'දැන්', 'ලොකුද', 'කිම්බගෙ', 'මයිල්', 'වැවිලා', 'නේද', 'දැන්', 'කිම්බ', 'දැකලා', 'බය', 'වුනා', 'හොරු', 'කිම්බට', 'අසනීපයි', 'කිම්බ', 'නෑවුවද', 'කිම්බ', 'තෙතයි', 'කිම්බ', 'අතගානවට', 'කැමතී', 'කිම්බ', 'හුරතල්', 'URL']	1	['None']	offensive	[[0, 0, 1, 1, 1, 0, 1, 1, 1, 0, 1, 0, 0, 1, 1, 1, 0, 0, 1, 1, 0, 0, 0, 1, 0, 1, 0, 1, 1, 1, 1, 0, 1, 1, 0]]	toxic
60	1329133696855592961	['USER', 'පුක', '2පකයා', '3කිම්බ', '4බඩුව', '5වලත්තයා', '6හුත්තහරිද', 'මන්ද']	1	['None']	offensive	[[0, 1, 0, 0, 0, 0, 0, 0]]	toxic
61	1187226469711450112	['USER', 'USER', 'රංජිත්', 'ඔයා', 'වෙන', 'ඕනම', 'කෙනෙක්', 'ප්\u200dරොමෝට්', 'කරන්න', 'මම', 'උපරිම', 'සපෝට්', 'එක', 'දෙනව', 'ඒත්', 'ඔය', 'අලි', 'කිම්බ', 'ප්\u200dරොමෝට්', 'කරද්දි', 'ඔයාවත්', 'ඒ', 'ලෙවල්', 'එකටම', 'ඇදල', 'අතාරිනව', 'ඇරෙන්න', 'වෙන', 'කරන්න', 'දෙයක්නෑ', 'සෝ', 'සොරි', 'තව', 'දෙයක්', 'මම', 'තාම', 'මොලේ', 'ශට්', 'ඩවුන්', 'කරගෙන', 'රිප්ලයි', 'කලේ', 'නෑ', 'වැරදිලාහරි', 'කරන්න', 'පටංගත්තොත්', 'ඔයා', 'කැමති', 'වෙනඑකකුත්', 'නෑ']	1	['None']	offensive	[[0, 0, 0, 0, 0, 0, 0, 0, 0, 0, 0, 0, 0, 0, 0, 0, 1, 1, 0, 0, 0, 0, 0, 0, 0, 0, 0, 0, 0, 0, 0, 0, 0, 0, 0, 0, 0, 0, 0, 0, 0, 0, 0, 0, 0, 0, 0, 0, 0, 0]]	toxic
62	1142819489366650880	['කොල්ලා', 'කෙල්ලට', 'කතා', 'කරන', 'පිලිවෙල', 'බදින්න', 'කලින්', 'සුදු', 'අම්මී', 'මගෙ', 'පන', 'මගෙ', 'මැට්ටි', 'ඒයි', 'මේයි', 'උම්ම', 'කොටේ', 'බබා', 'බැදල', 'ටික', 'කාලයක්', 'ගියාට', 'පස්සෙ', 'ඒයිමේයි', 'හුත්තී', 'පට්ට', 'වෙසී', 'මල්ට්ප්ල්ග්', 'වෙසී', 'සැමන්ටින්', 'බැල්ලි', 'මල්', 'පෝච්චි', 'හුත්තී', 'කාලය', 'මැව්', 'වෙනසක', 'අරුමේ']	1	['None']	offensive	[[0, 0, 0, 0, 0, 0, 0, 0, 0, 0, 0, 0, 0, 0, 0, 0, 0, 0, 0, 0, 0, 0, 0, 0, 1, 1, 1, 1, 1, 0, 1, 0, 0, 1, 0, 0, 0, 0]]	toxic
63	1154641494105571328	['USER', 'ඉතින්', 'හුත්තී', 'වහලයක්', 'තියෙනවා', 'ඒකට']	1	['None']	offensive	[[0, 0, 1, 0, 0, 0]]	toxic
64	1432554438187573248	['USER', 'අනේ', 'පල', 'හුත්තී', 'තෝ', 'කෑල්ලද']	1	['None']	offensive	[[0, 0, 1, 1, 1, 1]]	toxic
65	1391593899437613062	['මේක', 'ගිහින්', 'බැලුවා', 'කොල්ලො', 'ප්\u200dරසිද්දියේම', 'හුත්තී', 'කියල', 'බයිනවනේ', 'තව', 'කෙලින්ම', 'දාර', 'කුණුහරප', 'කියන්නේ', 'අනේ', 'මන්දා', 'ඇයි', 'කියලා', 'ඊටත්', 'එහා', 'සමහරු', 'අපේ', 'නම්', 'කියන්නෙ', 'නෑනේ', 'බබාහ්', 'කියල', 'කමෙන්ට්', 'කරල', 'ස', 'ජනාධිපති', 'උන', 'එක', 'ඉතින්', 'අහන්නත්', 'දෙයක්\u200dද', 'මාරවැඩේලංකාවටඋනේ', 'BinethTtalks', 'USER', '·', '9', 'May', '2021', 'අපේ', 'රටේ', 'අනාගතේ', 'පුන්චි', 'අපි', 'තමා', 'තොපි', 'හැදෙනවා', 'රට', 'නැසෙනවා', 'ඒක', 'ඇත්තමයි']	1	['None']	offensive	[[0, 0, 0, 0, 0, 1, 0, 0, 0, 0, 0, 1, 0, 0, 0, 0, 0, 0, 0, 0, 0, 0, 0, 0, 0, 0, 0, 0, 0, 0, 0, 0, 0, 0, 0, 0, 0, 0, 0, 0, 0, 0, 0, 0, 0, 0, 0, 0, 1, 0, 0, 1, 0, 0]]	toxic
66	1231946078360043520	['කුණුහරප', 'හටගන්නා', 'ආකාර', '1ලිංගික', 'අවයව', 'මුල්කරගෙන', 'හටගන්න', 'කුනුහරපමේවා', 'ඉතිරි', 'කුනුහරප', 'සෑදීම', 'සදහා', 'දායක', 'වේ', 'යෝනියහුත්තකිම්බ', 'ශිෂ්නය', 'පකපයිය', 'නපුංසකපොන්නයා', 'හුත්ත', 'ප්\u200dරාණවාචී', 'කිරීමෙන්', 'හුත්තා', 'සහ', 'හුත්තීද', 'පක', 'ප්\u200dරාණවාචී', 'කිරීමෙන්', 'පකයාද', 'හටගනී']	1	['None']	offensive	[[0, 0, 0, 0, 0, 0, 0, 0, 0, 0, 0, 0, 0, 0, 0, 0, 0, 0, 1, 0, 0, 1, 0, 0, 1, 0, 0, 0, 0]]	toxic
67	877890317969629185	['USER', 'USER', 'නෑ', 'නෑ', 'බල්ලා']	1	['None']	offensive	[[0, 0, 0, 0, 1]]	toxic
68	1287353776668438528	['ඔය', 'අතරේ', 'පැලේ', 'දන්නෙත්', 'නැතුව', 'පැල', 'කාපු', 'අයත්', 'නැතුවම', 'නෙමේ', 'සමහර', 'සීන්', 'තිබ්බ', 'පැලේ', 'දන්නෙත්', 'නෑ', 'ගොනා', 'දන්නෙත්', 'නෑ', 'පැලේ', 'කැවෙනවා', 'කියල', 'ල', 'යන්නට', 'ළ', 'යන්න', 'දා', 'ගනිල්ල', 'අවස්\u200dය', 'තැන්', 'වලට', 'සාදු', 'කියන්න', 'පින්වතුනි', 'StarLord', 'USER', '·', '26', 'Jul', '2020', 'ප්\u200dරසිද්ධියේ', 'පැළ', 'කාපු', 'ඒ', 'යුගය', 'ආයේ', 'එන්නෙ', 'නෑ', 'දැන්', 'එකක්', 'පැළයක්', 'කනව', 'දැක්කොත්', 'හැටකගෙ', 'විතර', 'පුක', 'කහනවා']	1	['None']	offensive	[[0, 0, 0, 0, 0, 0, 0, 0, 0, 0, 0, 0, 0, 0, 0, 0, 0, 0, 0, 0, 0, 0, 0, 0, 0, 0, 0, 0, 0, 0, 0, 0, 0, 0, 0, 0, 0, 0, 0, 0, 0, 0, 0, 0, 0, 0, 0, 0, 0, 0, 0, 0, 0, 0, 0, 1, 1]]	toxic
69	568402333719138304	['USER', 'USER', 'රෙද්ද', 'කියන්නේ', 'තන්කර', 'ගාමන්ට්', 'එකක්']	1	['None']	offensive	[[0, 0, 1, 0, 0, 0, 0]]	toxic
70	1233271844691595264	['මගේ', 'රෙද්දවල්', 'හොය', 'හොය', 'ඉන්', 'නැතුව', 'තොට', 'කිව්ව', 'වැඩේ', 'කරපන්', 'Kanchana', 'Amilani', 'USER', '·', '28', 'Feb', '2020', 'රෙද්ද', 'MedievalMemes']	1	['None']	offensive	[[0, 1, 0, 0, 0, 0, 1, 0, 0, 1, 0, 0, 0, 0, 0, 0, 0, 1, 0]]	toxic
71	1283103906348691456	['ජවිපෙට', 'ජන්දෙ', 'දෙන', 'උන්', 'වහල්ලු', 'නෙවෙයි', 'මොන', 'කරුමයක්ද', 'මුන්', 'විතරයි', 'උගත්', 'බුද්ධිමතුන්', 'ලබ්බෙ', 'රෙද්ද', 'මේවගෙත්', 'ඇවිත්', '3', 'හැත්ත', 'හානව', 'අප්පිරියයි', 'ඕකුන්', 'සෙට්', 'එක']	1	['None']	offensive	[[0, 0, 0, 0, 0, 0, 0, 1, 0, 0, 0, 0, 1, 1, 0, 0, 0, 1, 1, 1, 0, 0, 0]]	toxic
72	940268605991657472	['රෙද්දේ', 'අප්ඩේට්', 'එකක්', 'යකො', 'මේ', 'ක්\u200dරොම්', 'එකේ', 'පට්ට', 'ස්ලොව්']	1	['None']	offensive	[[1, 1, 0, 0, 0, 0, 0, 0, 0]]	toxic
73	725741218479542272	['USER', 'USER', 'අම්මට', 'මුන්ට', 'කවුද', 'බන්', 'චන්දෙ', 'දුන්නෙ', 'රෙද්ද', 'මුන්', 'නං', 'අවජාතකයො', 'අම්මපා', 'USER']	1	['None']	offensive	[[0, 0, 1, 0, 0, 0, 0, 0, 1, 1, 0, 1, 1, 0]]	toxic
74	630052243102760960	['USER', 'USER', 'යකෝ', 'කවදද', 'බන්', 'ඔය', 'උබේ', 'අඩොනාව', 'නැති', 'වෙන්නේ']	1	['None']	offensive	[[0, 0, 1, 0, 0, 0, 0, 1, 0, 0]]	toxic
75	853908370570358784	['USER', 'අඩොහ්', 'ගලක්', 'බෙල්ලේ', 'බැඳන්', 'ගඟක', 'මුහුදක', 'පැනලා', 'මැරෙනවා', 'ඕයී', 'තෝ', 'වගේ', 'ළමයෙක්', 'හදනවට', 'වඩා', 'USER', 'USER', 'USER', 'USER']	1	['None']	offensive	[[0, 0, 0, 0, 0, 0, 0, 0, 1, 1, 1, 0, 0, 0, 0, 0, 0, 0, 0]]	toxic
76	1488156378032066564	['USER', 'USER', 'අඩො', 'මන්', 'ඉතුවා', 'එකිම', 'ඇරලා', 'කීලා']	1	['None']	offensive	[[0, 0, 0, 0, 0, 1, 1, 0]]	toxic
77	1357608852959596544	['නිල්', 'හෙල්මට්', 'යකො', 'ඔතනින්', 'වමට', 'වමට', 'කලු', 'හෙල්මට්', 'ටහිකෙ', 'කලින්', 'කියන්ඩ', 'එපැයි', 'බුරුවො', 'හිටපන්', 'කකුලෙන්වත්', 'හරවන්ඩ', 'නිල්', 'හෙල්මට්', 'අඩො', 'ඔන්න', 'රාලහාමි', 'කළු', 'හෙල්මට්', 'අම්මටහිටහන්', 'වෙට්ටුවක්', 'දාල', 'ගන්ට', 'කනේ', 'වැලිගෑවෙන්ඩ', 'නිමෙශයකට', 'පසුසොත්ත', 'පොච්ච', 'සැන්ඩි', 'USER', '·', '5', 'Feb', '2021', 'මේවානේ', 'යකෝ', 'ටික්ටෝක්']	1	['None']	offensive	[[0, 0, 0, 0, 0, 0, 0, 0, 1, 0, 0, 0, 1, 0, 0, 0, 0, 0, 0, 0, 0, 0, 0, 0, 0, 0, 0, 0, 0, 0, 0, 1, 1, 0, 0, 0, 0, 0, 0, 0, 0]]	toxic
78	783689400983007233	['USER', 'අඩො', 'වලියට', 'එන්', 'එපා', 'හරිය']	1	['None']	offensive	[[0, 1, 1, 0, 0, 0]]	toxic
79	746633440603181056	['අඩො', 'රනිල්', 'එත්', 'අල්ලන්', 'ඉන්නේ', 'මාමාගේ', 'නේ', '\U000fe334\U000fe334\U000fe334', 'හා', 'දැන්', 'මම', 'හෙන', 'වාලත්තයා', 'URL']	1	['None']	offensive	[[0, 0, 0, 0, 0, 0, 0, 0, 0, 0, 0, 1, 1, 0]]	toxic
80	644314097698369536	['අඩො', 'උඩෙ', 'පාන්ඩර', 'ලොල්ලො', 'වගෙ', 'මුසලෙ', 'ඩන්', 'ඉන්න', 'එපා', 'හු•තො', 'අහෙම', 'ඉන්න', 'තොපිට', 'කැඩත්', 'න්හැ', 'අහෙම', 'ඉන්න', 'තොපිව', 'ඩකින', 'අපිටත්', 'කැඩත්', 'URL']	1	['None']	offensive	[[0, 0, 0, 1, 0, 1, 0, 0, 0, 1, 0, 0, 1, 0, 0, 0, 0, 1, 0, 0, 0, 0]]	toxic
81	1214531501737463808	['අඩො', 'ඔබ', 'බං', 'මචං', 'හුත්තො', 'කියලා', 'වැඩිමල්', 'අයට', 'කතා', 'කරනවා', 'නම්', 'අහන්න', 'දෙයක්', 'නෑ', '2000', 'පස්සෙ', 'තමා']	1	['None']	offensive	[[1, 0, 0, 0, 1, 0, 0, 0, 0, 0, 0, 0, 0, 0, 0, 0, 0]]	toxic
82	1363576860236414976	['කෙල්ලෙක්ගෙ', 'එකක්', 'ලීක්', 'උනොත්', 'අඩො', 'උඹලට', 'අම්මල', 'නංගිල', 'අක්කල', 'ආච්චිල', 'නැන්දල', 'පුංචිල', 'ලොකුඅම්මල', 'නැද්ද', 'කොල්ලෙක්', 'ලීක්', 'කර', 'ගත්තොත්', 'අපෝ', 'ලීක්', 'කර', 'ගන්නෙ', 'නැතුව', 'ඉන්ඩවත්', 'දන්', 'නැති', 'ගොබිලෙක්නෙ', 'උඹ', 'කෙල්ලොන්ට', 'නම්', 'Respect', 'Women', 'කොල්ලොන්ට', 'නම්', 'අඩෝ', 'ගෝතයා']	1	['None']	offensive	[[0, 0, 0, 0, 0, 0, 0, 0, 0, 0, 0, 0, 0, 0, 0, 0, 0, 0, 0, 0, 0, 0, 0, 0, 0, 0, 1, 0, 0, 0, 0, 0, 0, 0, 1, 1]]	toxic
83	1207300762574962688	['අඩො', 'මාත්', 'උ', 'යුඇන්පු', 'නිසා', 'නෙවෙ', 'පොර', 'මල', 'ජරාවක්', 'නිසා', 'මහින්දානන්ද', 'ගෙ', 'කේස්', 'එකත්', 'බලලා', 'සාදාරනයක්', 'වෙන්න', 'ඔනෙ', 'එ', 'ට්\u200dරැෆික්', 'ඔඅයිසි', 'ට', 'ඉන්න', '225', 'වැරදි', 'තියෙන', 'හැම', 'එකාටම', 'නාමයොජනා', 'දෙන', 'දවස', 'වෙනකනුත්', 'බලන්', 'ඉන්නෙ', 'ජාතික', 'ලැයිස්තුවේ', 'න්', 'පාර්ලිමේන්තු', 'එන', 'සෙට්', 'එක', 'දිහාත්', 'මෙ', 'අවුරුදු', '5න්', 'රට', 'හැදෙන්න', 'ඔනෙ', 'Ravi', 'Yasas', 'USER', '·', '18', 'Dec', '2019', 'රාජිතයා', 'ගත්ත', 'දවසට', 'ගෙදර', 'මල්වෙඩි', 'දානවා', 'ඉදපන්කෝ']	1	['None']	offensive	[[0, 0, 0, 0, 0, 0, 0, 1, 1, 0, 0, 0, 0, 0, 0, 0, 0, 0, 0, 0, 0, 0, 0, 0, 0, 0, 0, 0, 0, 0, 0, 0, 0, 0, 0, 0, 0, 0, 0, 0, 0, 0, 0, 0, 0, 0, 0, 0, 0, 0, 0, 0, 0, 0, 0, 0, 0, 0, 0, 0, 0, 0]]	toxic
84	930248232780775425	['USER', 'අඩො', 'හම්බයා', 'උබට', 'ගොඩක්', 'උන්', 'ආදරේට', 'කියන', 'නම', 'හැපි', 'බර්ත්', 'ඩේ', 'කොන්ඩෙ', 'ගොතන', 'පුක', 'ලොකු', 'කෙල්ලෙක්', 'හම්බුවේවා', 'කියලා', 'පතනවා']	1	['None']	offensive	[[0, 1, 1, 0, 0, 0, 0, 0, 0, 0, 0, 0, 0, 0, 1, 1, 0, 0, 0, 0]]	toxic
85	811977112286466048	['USER', 'අඩො', 'කැ×යා', 'තො', 'මට', 'අරන්', 'දුන්නෑ', 'KP', 'WP', 'USER']	1	['None']	offensive	[[0, 1, 1, 1, 0, 0, 0, 0, 0, 0]]	toxic
86	680575581210062848	['USER', 'USER', 'අඩොහ්', 'සීඩ්', 'මරලා', 'හන්ගනවා', 'යකෝමගේ', 'සාරුක්ට', 'අනම්', 'මනම්', 'කියන්න', 'එපා']	1	['None']	offensive	[[0, 0, 0, 0, 1, 1, 0, 0, 0, 0, 0, 0]]	toxic
87	575324389933191168	['අඩො', 'සිරාවටද', 'o', 'නොදකින්', 'URL']	1	['None']	offensive	[[0, 0, 0, 1, 0]]	toxic
88	1428742512898809873	['USER', 'USER', 'USER', 'අඩො', 'මු', 'කැත', 'කතා', 'කියනවා', 'බන්', 'මොඩ', 'වදුරා']	1	['None']	offensive	[[0, 0, 0, 1, 1, 1, 1, 0, 0, 1, 1]]	toxic
89	1480916782605033474	['USER', 'USER', 'USER', 'අඩො', 'ඉතුරු', 'කරන්', 'නැ', 'ගෙරි', 'වඳුර']	1	['None']	offensive	[[0, 0, 0, 1, 0, 0, 0, 1, 1]]	toxic
90	642163226315112449	['USER', 'USER', 'නැ', 'නැ', 'අයියෝ', 'හැමනේනවා', 'අඩො', 'මේ', 'අපේ', 'එකෙක්ගෙ', 'දුකෙන්', 'ආතල්', 'ගන්න', 'එපා', 'බන්']	1	['None']	offensive	[[0, 0, 0, 0, 0, 1, 0, 0, 0, 0, 0, 0, 0, 0, 0]]	toxic
91	1060009504069173248	['මායි', 'හම්සයි', 'එක', 'ඔපිස්', 'එකේ', 'වැඩ', 'කරද්දී', 'පොඩි', 'සෙමින', 'එකක්', 'තිබ්බ', 'පිටින්', 'කය්ටිය', 'ආව', 'ඒකට', 'ලස්සන', 'මුස්කිම්', 'කෙල්ලෙක්', 'ආව', 'මම', 'හම්සට', 'පෙන්නුවා', 'අඩෝ', 'අර', 'තම්බි', 'කෑල්ල', 'පට්ටනේ', 'කියල', 'මූ', 'කියාපි', 'හුටෝ', 'ඒ', 'මගේ', 'අක්කා', 'කියල', 'මතක']	1	['None']	offensive	[[0, 0, 0, 0, 0, 0, 0, 0, 0, 0, 0, 0, 0, 0, 0, 0, 0, 0, 0, 0, 0, 0, 1, 0, 1, 1, 0, 0, 0, 0, 1, 0, 0, 0, 0, 0]]	toxic
92	1322791761148735488	['USER', 'USER', 'USER', 'තොට', 'මුළු', 'සර්වාංගෙම', 'පල']	1	['None']	offensive	[[0, 0, 0, 1, 1, 1, 1]]	toxic
93	919937808847970304	['තෝ', 'දැනගනිං', 'නාකියා', 'තොට', 'මං', 'කරන', 'දේ', 'නාමල්', 'සුමනදාසට', 'සුද්ද', 'සිංහලෙන්', 'අමතයි', 'URL']	1	['None']	offensive	[[1, 1, 1, 1, 0, 0, 0, 0, 0, 0, 0, 0, 0]]	toxic
94	799280543003242496	['පුවක්', 'ගෙඩි', '10ට', 'මුන්', 'මෙහෙමනම්', 'පොල්', 'ගෙඩි', '10ක්', 'නම්', 'කොහෝම', 'තියෙද', 'ලැජ්ජයි', 'යකුනේ', 'තොපි', 'ගැන', 'Use', 'like', 'Page', 'Agalawatta', 'URL']	1	['None']	offensive	[[0, 0, 0, 0, 0, 0, 0, 0, 0, 0, 0, 1, 1, 1, 0, 0, 0, 0, 0, 0]]	toxic
95	1293497161590554624	['USER', 'දේශපාලනය', 'අදාල', 'නෑ', 'අවජාතක', 'වේසිගේ', 'පුත්තුන්ට', 'කොහෙත්ම', 'අයිතියක්', 'නෑ', 'මාලිගාවට', 'පුක', 'පෙන්නලා', 'ෆොටෝ', 'දාන්න', 'පටන්ගත්ත', 'නැතම', 'ඉවරයිමුන්ටම', 'පුකදෙන', 'සක්කිලි', 'චීවරධාරියෝ', 'ඉන්නවානේ', 'පක්ෂය', 'අදාල', 'නෑ', 'තොපිටනම්', 'හොඳක්', 'වෙන්නේ', 'නෑ']	1	['None']	offensive	[[0, 0, 0, 0, 1, 1, 1, 0, 0, 0, 0, 1, 0, 0, 0, 0, 0, 0, 1, 1, 0, 0, 0, 0, 0, 1, 1, 1, 0]]	toxic
96	1132181934187077633	['මේ', 'මොකක්ද', 'යකෝ', 'තොපිට', 'ඡන්දෙ', 'දෙන', 'පුරවැසියන්ට', 'තොපිට', 'විරුද්ධ', 'වෙන්න', 'බැයිද', 'ඇමතිල', 'මන්ත්\u200dරීල', 'කියල', 'පක්කොද', 'හෙන', 'USER', 'USER', 'USER', 'USER', 'USER', 'USER', 'USER', 'USER']	1	['None']	offensive	[[0, 0, 1, 1, 0, 0, 0, 1, 0, 0, 0, 0, 0, 0, 1, 0, 0, 0, 0, 0, 0, 0, 0, 0]]	toxic
97	993496665993728000	['USER', 'මොනවද', 'යකෝ', 'මේ', 'හෑස්ටැග්', 'ගාලු', 'හංදියේ', 'තඩිපස්ස']	1	['None']	offensive	[[0, 0, 1, 0, 0, 0, 0, 1]]	toxic
98	736556222808133632	['USER', 'ඒක', 'ඇත්ත', 'ඒත්', 'මේ', 'ජරා', 'කෑම', 'කඩ', 'වලටත්', 'ඒ', 'නම', 'දාන', 'එක', 'හරි', 'නෑමාතර', 'කෑම', 'වලට', 'තියෙන', 'නම', 'කැත', 'වෙනවා']	1	['None']	offensive	[[0, 0, 0, 0, 0, 1, 0, 0, 0, 0, 0, 0, 0, 0, 0, 0, 0, 0, 0, 0, 0]]	toxic
99	1229432680233783297	['මචං', 'සෝනා', 'අහිංසක', 'කොල්ලොන්ගේ', 'ජීවිත', 'විනාශ', 'කරන්න', 'එපා', 'ඕවා', 'හෙණ', 'කැත', 'වැඩ', 'ජරා', 'වැඩ', 'කරන්න', 'එපා', 'අයිසේ', 'SS', 'ගහල', 'ට්වීට්', 'දාල', 'විනාශ', 'කරේ', 'අහිංසක', 'කොල්ලෙක්ව', 'නේ', 'USER']	1	['None']	offensive	[[0, 0, 0, 0, 0, 0, 0, 0, 0, 1, 1, 1, 1, 1, 0, 0, 1, 0, 0, 0, 0, 0, 0, 0, 0, 0, 0]]	toxic
100	988031731969081347	['අද', 'හවස', 'පේන්ටියක්', 'ගහන්න', 'ඉදිආප්ප', 'ආන්ටිගේ', 'පොට්', 'එකට', 'ගියා', 'එතන', 'නාකි', 'බුවෙක්', 'ඉදිආප්ප', 'වක්කරනෝ', 'මට', 'ගෙනද්', 'දීපුව', 'ලමයෝ', 'කියලා', 'ඇන්ටි', 'කොකිසකුයි', 'කැවුමකුයි', 'මට', 'දුන්නා', 'ඉන්', 'පස්සේ', 'නාකි', 'බුවාටත්', 'දික්', 'කලා', 'පොර', 'තරහින්', 'මට', 'ඕන්', 'නෑහ්', 'කීවා', 'පුහ්', 'නාකිය', 'උනත්', 'බලන්නෙපැ', 'ඉරිසියාව']	1	['None']	offensive	[[0, 0, 0, 0, 0, 0, 0, 0, 0, 0, 1, 1, 0, 0, 0, 0, 0, 0, 0, 0, 0, 0, 0, 0, 0, 0, 1, 1, 0, 0, 0, 0, 0, 0, 0, 0, 1, 1, 0, 0, 0]]	toxic
101	1086002600506466307	['USER', 'USER', 'පිස්සු', 'නාකි', 'හුචක්කුවක්', 'බන්']	1	['None']	offensive	[[0, 0, 1, 1, 1, 1]]	toxic
102	1266776515464683520	['USER', 'USER', 'USER', 'ඕවට', 'ඉඩ', 'දෙන', 'විධායකයට', 'හෙන', 'ගහන්න', 'ඕනෙ', 'හෙන', 'මුන්ව', 'ඇතුල', 'නොදා', 'මේ', 'වගේ', 'දේවල්වලට', 'ඉඩ', 'දෙන', 'එවුන්ට', 'උන්ට', 'කඩේ', 'යනට', 'නාකි', 'පඩංගු', 'කියන', 'දේවත්', 'නාහා', 'මේවට', 'ඉඩ', 'දෙන', 'පඩත්තල', 'සක්කිලි', 'බලය', 'ඇති', 'නායකයින්ට', 'හෙන', 'ගහන්න', 'ඕනේ']	1	['None']	offensive	[[0, 0, 0, 0, 0, 0, 0, 1, 1, 0, 1, 0, 0, 0, 0, 0, 0, 0, 0, 0, 0, 0, 0, 1, 1, 0, 0, 0, 0, 0, 0, 1, 1, 0, 0, 0, 1, 1, 1]]	toxic
103	789766271122276352	['lanka', 'C', 'news', 'ලංකා', 'සී', 'නිවුස්', '‘තමුසෙ', 'හොරෙක්’', '‘තමුසෙ', 'පල්', 'හොරෙක්’', 'කැබිනෙට්ටුවේ', 'සහජීවන', 'ගාලගොට්ටි', 'URL', 'via', 'USER']	1	['None']	offensive	[[0, 0, 0, 0, 0, 0, 0, 0, 0, 1, 0, 0, 0, 0, 0, 0, 0]]	toxic
104	1477535568238034947	['බස්', 'එකේ', 'හිටිය', 'කෙල්ල', 'කීවා', 'තමුසෙනං', 'හෙන', 'මොඩයෙක්', 'කියලා', 'ඇයි', 'බං', 'මං', 'මොකුත්', 'කලේ', 'නෑනේ', 'අ']	1	['None']	offensive	[[0, 0, 0, 0, 0, 1, 1, 1, 0, 0, 0, 0, 0, 0, 0, 0]]	toxic
105	949558207554445313	['තමුසෙ', 'මහ', 'කැත', 'වැඩක්\u200c', 'කළේ', 'මම', 'තමුසෙගෙ', 'තරු', 'ගලවනවා', 'ස්ථානාධිපතිගේ', 'කමිසයෙන්', 'ඇද', 'තර්ජනය', 'කළ', 'ජවිපෙ', 'මන්ත්\u200dරීවරයාගේ', 'URL']	1	['None']	offensive	[[1, 1, 1, 0, 0, 0, 1, 0, 0, 0, 0, 0, 0, 0, 0, 0, 0]]	toxic
106	1175228544001204225	['නිවාඩු', 'දවසට', 'සැපට', 'නින්ද', 'යන්නෙ', 'නැතුව', 'වැඩට', 'යන්න', 'තියෙන', 'දවසට', 'සැපට', 'නින්ද', 'යනවා', 'නිදිමත', 'තමුසේ', 'ඇයි', 'අයිසෙ', 'මෙහෙම', 'පිස්සෙක්', 'වගේ', 'හැසිරෙන්නේ']	1	['None']	offensive	[[0, 0, 0, 0, 0, 0, 0, 0, 0, 0, 0, 0, 0, 0, 1, 0, 1, 0, 1, 0, 0]]	toxic
107	1213017626940624896	['USER', 'USER', 'USER', 'අයිසෙ', 'චාලි', 'චැප්ලින්', 'තෝ', 'කොහෙද']	1	['None']	offensive	[[0, 0, 0, 1, 0, 0, 1, 0]]	toxic
108	1283702962301198337	['අයිසෙ', 'යසපාල', 'මෙව්වා', 'කැ', 'වැඩ', 'අයිසෙ', 'Supun', 'Tharaka', 'USER', '·', '16', 'Jul', '2020', 'රු', '1000ක්', 'කියලා', 'ඇහිදලා', 'සක්කුවෙ', 'දාගෙන', 'ගෙදර', 'ගෙනාවෙන්', 'පස්සෙ', 'දැක්කේ', 'කවුද', 'යකො', 'මෙවා', 'පාරෙ', 'හලාගෙන', 'ගිය', 'එකා']	1	['None']	offensive	[[1, 0, 0, 1, 1, 1, 0, 0, 0, 0, 0, 0, 0, 0, 0, 0, 0, 0, 0, 0, 0, 0, 0, 0, 1, 0, 0, 0, 0, 1]]	toxic
109	1203394801191792641	['හතර', 'හිනා', 'විද්දෙ', 'පදුරට', 'වැදුණෙ', 'කොහෙවත්', 'හිටපු', 'ගෙම්බෙක්ට', 'USERෙයි', 'මගෙයි', 'කතාවක්', 'කියපු', 'ගමන්', 'තවත්', 'එක්තරා', 'extremely', 'poor', 'soul', '1ක්', 'trigger', 'වෙලා', 'අයිසෙ', 'කියන', 'දෙයක්', 'මූණට', 'කියනව', 'කියල', 'text', 'කරා', 'පව්', 'ඉතින්', 'සුවීයි', 'මායි', 'එයා', 'ගැන', 'කතා', 'කරනව', 'කියල', 'හිතන්', 'ඇති', 'මේක', 'වෙන', 'interesting', 'කතාවක්', 'මෙයා']	1	['None']	offensive	[[0, 0, 0, 0, 0, 0, 0, 0, 0, 0, 0, 0, 0, 0, 0, 0, 0, 0, 0, 0, 0, 1, 0, 0, 1, 0, 0, 0, 0, 0, 0, 0, 0, 0, 0, 0, 0, 0, 0, 0, 0, 0, 0, 0, 0]]	toxic
110	1331659949936570369	['ටහුඩු', 'යකෝ', 'උට', 'දෙවෙනි', 'නමකුත්', 'තිබ්බද', 'Supun', 'Tharaka', 'USER', '·', '25', 'Nov', '2020']	1	['None']	offensive	[[0, 1, 0, 0, 0, 0, 0, 0, 0, 0, 0, 0, 0]]	toxic
111	1417110775957651458	['USER', 'අඩො', 'පම්කයා', 'බැන්දාද', 'කිව්වේවත්', 'නෑ', 'USER', 'හෙන', 'ගහානවා', 'බොට']	1	['None']	offensive	[[0, 1, 1, 0, 0, 0, 0, 1, 1, 1]]	toxic
112	814367310345596928	['හොරා', 'අඩො', 'නැවතියං', 'මිනිහා', 'පලයං', 'බං', 'හො', 'කියනදේ', 'අහපං', 'මෙක', 'පත්තු', 'වෙනවා', 'මී', 'පලයන්', 'හු', 'යන්න', 'අපේ', 'ගෑනි', 'කෑ', 'ගහනව', 'ගෙදර', 'URL']	1	['None']	offensive	[[0, 1, 1, 0, 1, 1, 0, 0, 0, 0, 0, 0, 0, 1, 1, 0, 0, 1, 0, 0, 0, 0]]	toxic
113	710518220411826177	['අඩො', 'මුන', 'බලන්න', 'අපේ', 'උන්', 'පොන්නයොද', 'අඩෝ', 'Well', 'played', 'Dilshan']	1	['None']	offensive	[[1, 0, 0, 0, 0, 1, 1, 0, 0, 0]]	toxic
114	760825473475620864	['අඩොතෝ', 'පුරේ', 'නේද', 'උබලගෙ', 'ප්\u200dරාන්\u200dතෙම', 'තමා', 'යුමීත්නොච්චියාගම']	1	['None']	offensive	[[0, 0, 0, 0, 0, 0, 0]]	toxic
115	625857984178950144	['USER', 'USER', 'අඩො', 'තො', 'මරන්න', 'එපයි', 'යකො', 'ටුමොරොලෑන්ඩ්', 'කියන්නෙ', 'ලොකෙ', 'ලොකුම', 'EDM', 'music', 'Festival', 'එක', 'පොඩ්ඩක්', 'යූටියුබ්', 'ගහල', 'බලහන්']	1	['None']	offensive	[[0, 0, 0, 1, 1, 0, 0, 0, 0, 0, 0, 0, 0, 0, 0, 0, 0, 0, 0]]	toxic
116	1363576860236414976	['කෙල්ලෙක්ගෙ', 'එකක්', 'ලීක්', 'උනොත්', 'අඩො', 'උඹලට', 'අම්මල', 'නංගිල', 'අක්කල', 'ආච්චිල', 'නැන්දල', 'පුංචිල', 'ලොකුඅම්මල', 'නැද්ද', 'කොල්ලෙක්', 'ලීක්', 'කර', 'ගත්තොත්', 'අපෝ', 'ලීක්', 'කර', 'ගන්නෙ', 'නැතුව', 'ඉන්ඩවත්', 'දන්', 'නැති', 'ගොබිලෙක්නෙ', 'උඹ', 'කෙල්ලොන්ට', 'නම්', 'Respect', 'Women', 'කොල්ලොන්ට', 'නම්', 'අඩෝ', 'ගෝතයා']	1	['None']	offensive	[[0, 0, 0, 0, 0, 0, 0, 0, 0, 0, 0, 0, 0, 0, 0, 0, 0, 0, 0, 0, 0, 0, 0, 0, 0, 0, 1, 0, 0, 0, 0, 0, 0, 0, 1, 1]]	toxic
117	1478618617163902977	['මොනාද', 'හුත්තො', 'මේ', 'වෙන්නේ', 'අඩො', 'බානුක', 'why', 'bn', 'why', 'ThePaparecom', 'USER', '·', '5', 'Jan', 'BREAKING', 'NEWS', 'USER', 'intends', 'to', 'retire', 'from', 'international', 'cricket', 'Cricket', 'SLvZIM', 'For', 'more', 'cricket', 'news', 'URL']	1	['None']	offensive	[[0, 1, 0, 0, 0, 0, 0, 0, 0, 0, 0, 0, 0, 0, 0, 0, 0, 0, 0, 0, 0, 0, 0, 0, 0, 0, 0, 0, 0, 0]]	toxic
118	1354973099368833030	['මේක', 'දැක්කොත්', 'ගුඩ්', 'මෝනින්', 'කියන්', 'පලයන්', 'හුත්තො']	1	['None']	offensive	[[0, 0, 0, 0, 0, 1, 1]]	toxic
119	1232857910641938432	['ඔය', 'හැම', 'එකාම', 'අතරේ', 'මෙහෙම', 'එවුනුත්', 'නැතුව', 'නෙවේ', 'පොඩ්ඩ', 'ඇත්තම්', 'මොකද', 'හුත්තෝ', 'කරන්නේ', 'තෝ', 'උබ', 'අරක', 'කරාද', 'බන්', 'යමන්', 'කාලා', 'එන්න', 'අපි', 'නැති', 'වෙලාවේ', 'පොඩි', 'දෙයක්', 'කෑවත්', 'ආ', 'තොටත්', 'කියලා', 'පොඩිවට', 'හරි', 'දෙයක්', 'තියන', 'හැම', 'වෙලාවෙම', 'ආතල්', 'එකේ', 'කාව', 'හරි', 'බයිට්', 'එකට', 'ගන්න', 'ඉන්න', 'තැන', 'කපන', 'කෝල්', 'එකක්', 'දාපු', 'ගමන්', 'ඉදපන්', 'පකෝ']	1	['None']	offensive	[[0, 0, 0, 0, 0, 0, 0, 0, 0, 0, 0, 1, 0, 1, 0, 0, 0, 0, 0, 0, 0, 0, 0, 0, 0, 0, 0, 0, 0, 0, 0, 0, 0, 0, 0, 0, 0, 0, 0, 0, 0, 0, 0, 0, 0, 0, 0, 0, 0, 0, 0, 1]]	toxic
120	1466663765286469638	['ගාමිණි', 'වගේ', 'අද', 'හෙට', 'මැරෙන්න', 'ඉන්න', 'නාකි', 'හුත්තෙක්ට', 'විදුලිබල', 'වගේ', 'ඉතාම', 'වැදගත්', 'අමාත්\u200dයාංශයක්', 'දීලා', 'හරියනවද', 'PowerCutLK']	1	['None']	offensive	[[0, 0, 0, 0, 0, 0, 1, 1, 0, 0, 0, 0, 0, 0, 0, 0]]	toxic
121	1351160261856604172	['ඊයේ', 'වෙඩින්', 'එකකට', 'ගියා', 'ඒකට', 'ආවා', 'ළඟදි', 'බැඳපු', 'එකෙක්', 'මූ', 'හම්බුන', 'වෙලාවේ', 'ඉඳලා', '“අඩෝ', 'බඳින්න', 'නම්', 'එපා', 'බං”', '“ගෑණු', 'එක්ක', 'බෑ', 'බං”', '“අම්මෝ', 'බැන්දම', 'ජීවිතේ', 'ඉවරයි', 'බං”', 'කියලා', 'වැලපෙනවා', '“ඉතිං', 'හුත්තො', 'අපිට', 'කිය', 'කිය', 'ඉන්නේ', 'ඔච්චර', 'අමාරු', 'නං', 'ඩිවෝස්', 'වෙයංකෝ”', 'කියලා', 'කිව්වේ', 'නෑ', 'හිතෙන්', 'හිතලා', 'පව්', 'කියලා', 'කට', 'වහං', 'හිටියා']	1	['None']	offensive	[[0, 0, 0, 0, 0, 0, 0, 0, 0, 0, 0, 0, 0, 0, 0, 0, 0, 0, 0, 0, 0, 0, 0, 0, 0, 0, 0, 0, 0, 0, 1, 0, 0, 0, 0, 0, 0, 0, 0, 0, 0, 0, 0, 0, 0, 0, 0, 0, 0, 0]]	toxic
122	1023224339628544002	['USER', 'USER', 'නොදන්න', 'හුත්තවල්', 'කියවන්න', 'එපා', 'කොල්ලොඌ', 'මාසෙකට', 'විතර', 'කලින්', 'ඉදන්ම', 'පෝලිමක්', 'දානවා', 'කියලා', 'තියෙන්නෙ', 'මේ', 'ඒ', 'පෝලිම', 'වැටෙනකන්', 'ඉන්නෙඋබ', 'නොදන්න', 'ඒවට', 'පුක', 'නොදි', 'පලයන්', 'පකිස්', 'බූරුවා']	1	['None']	offensive	[[0, 0, 0, 1, 0, 0, 0, 0, 0, 0, 0, 0, 0, 0, 0, 0, 0, 0, 0, 0, 0, 0, 1, 1, 1, 1, 1]]	toxic
123	1126370359588995072	['පිස්සුද', 'බං', 'ඕක', 'වෙනකම්', 'අපි', 'දන්නේ', 'නෑ', 'ඔහොම', 'එකක්මදර්', 'පොමිස්', 'එහෙනම්', 'පකෝ', 'තොපේ', 'පල්ලියෙන්', 'කඩු', 'හම්බුනේ', 'ඒවා', 'අපිලා', 'දන්නේ', 'නෑ', 'බංඕවා', 'අමතක', 'කරලා', 'දාලා', 'වරෙන්', 'අපේ', 'කඩේට', 'යන්න', 'කමු', 'කොත්තුවක්', 'හම්මට', 'එල', 'එල', 'හැබැයි', 'සල්ලි', 'නෑ', 'උබෙන්', 'සල්ලී', 'මොකටද', 'සත්\u200dය', 'සිදුවීමකි', 'EasterSundayAttacksLK']	1	['None']	offensive	[[0, 0, 0, 0, 0, 0, 0, 0, 0, 0, 0, 1, 1, 0, 0, 0, 0, 0, 0, 0, 0, 0, 0, 0, 0, 0, 0, 0, 0, 0, 0, 0, 0, 0, 0, 0, 0, 0, 0, 0, 0, 0]]	toxic
124	1279933731994767360	['USER', 'අනේ', 'උට්ටෝ', 'ඒ', 'පිචන්', 'ද', 'උබට', 'පකෝ', 'බූරු', 'ගොනා', 'කාලකන්නි', 'නපුන්සකයා', 'පකෝ', 'මමම', 'නිර්මාණය', 'කරලා', 'උන්ව', 'අහුස්සලා', 'කරන', 'පට්ට', 'පිස්සු', 'වැඩක්', 'සමහර', 'අය', 'එක්ක', 'එකතු', 'වෙලා', 'ඒගොල්ලෝ', 'සපෝර්ට්', 'කරලා', 'කරන', 'පට්ට', 'ගේමක්', 'උබ', 'ඉගෙනගෙන', 'තියා', 'උබේ', 'පිචන්', 'දැනුම', 'නිසා', 'තමා', 'අනුන්ගේ', 'Rt', 'දදා', 'හැමිනෙන්නේ', 'තෝ', 'ඉපදිලා', 'තියෙන්නේ', 'බල්ලියෙක්ගේ']	1	['None']	offensive	[[0, 0, 1, 0, 1, 0, 1, 1, 1, 1, 1, 1, 1, 0, 0, 0, 0, 0, 0, 1, 0, 0, 0, 0, 0, 0, 0, 0, 0, 0, 0, 1, 0, 0, 0, 0, 0, 1, 1, 0, 0, 0, 0, 0, 1, 1, 1, 1, 1]]	toxic
125	1048767127333867524	['USER', 'පකෝ', 'එකේ', 'කැම්', 'එක', 'පකේ', 'කැම්', 'එකක්නෙ']	1	['None']	offensive	[[0, 1, 0, 0, 0, 1, 0, 0]]	toxic
126	997487459511480320	['USER', 'USER', 'නංගිලට', 'යකෝ', 'කියන්නෙපා', 'පකෝ']	1	['None']	offensive	[[0, 0, 0, 1, 0, 1]]	toxic
127	1049133886544916480	['USER', 'පලයන්', 'පොන්න', 'පකෝ', 'අලිපුකෙන්', 'ඇවිත්', 'වගේ', 'කියවන්නෙපා']	1	['None']	offensive	[[0, 1, 1, 1, 1, 0, 0, 0]]	toxic
128	1215910877922234368	['USER', 'නමක්', 'ගමක්', 'දන්නෙ', 'නෑ', 'හැබැයි', 'මෝඩ', 'මනුස්සයෙක්', 'කියල', 'පේනවා']	1	['None']	offensive	[[0, 0, 0, 0, 0, 0, 1, 0, 0, 0]]	toxic
129	872651995064266752	['SriLanka', 'වේ', 'අපේ', 'බදු', 'මුදලින්', 'කාලා', 'USER', 'වේ', 'ඉන්නේ', 'මේ', 'වගේ', 'මෝඩ', 'උත්තර', 'දෙන', 'media', 'ප්\u200dරකාෂකලාද', 'මේක', 'ආණ්ඩුවක්ද', 'USER', 'USER']	1	['None']	offensive	[[0, 0, 0, 0, 0, 0, 0, 0, 0, 0, 0, 1, 0, 0, 0, 0, 0, 0, 0, 0]]	toxic
130	1301866976969543680	['USER', 'UNP', 'ආණ්ඩුවක්', 'ආවා', 'නම්', 'යම්', 'තරමක', 'විශ්වාසයක්', 'තියන්න', 'තිබ්බා', 'අපි', 'ඉස්සරහට', 'යයි', 'කියලාමොකද', 'ගොඩක්', 'ජාත්\u200dයන්තර', 'සබඳතා', 'වලින්', 'සංවර්ධන', 'ව්\u200dයාපෘති', 'ගොඩක්', 'ගිය', 'ආණ්ඩුව', 'කාලෙත්', 'දියත්', 'කරානේදැන්', 'ඉතින්', 'අවුරුදු', '5ක්', 'රට', 'ආපස්සට', 'යයි', 'වැඩක්', 'නෑ', 'මෝඩ', 'යක්කු', '23', 'කුත්', 'දුන්නා', 'නේ']	1	['None']	offensive	[[0, 0, 0, 0, 0, 0, 0, 0, 0, 0, 0, 0, 0, 0, 0, 0, 0, 0, 0, 0, 0, 0, 0, 0, 0, 0, 0, 0, 0, 0, 0, 0, 0, 0, 1, 1, 0, 0, 0, 0]]	toxic
131	1205739366984773632	['ඔය', 'ෆේක්', 'එකවුන්ට්', 'හදාගෙන', 'තමන්ගේ', 'පක්ශෙ', 'එවුන්ට', 'විරුද්ධව', 'දාන', 'ටුවීට්', 'වලට', 'පුක', 'ඉරාගෙන', 'එක', 'එකාට', 'කමන්ට්', 'දාන', 'එවුන්', 'ඉන්නවා', 'නේද', 'උන්', 'හෙන', 'පව්', 'අප්පා', 'ඒවගේ', 'ජීවින්ට', 'අනුකම්පා', 'කරන්න', 'ඔනී']	1	['None']	offensive	[[0, 0, 0, 0, 0, 0, 0, 0, 0, 0, 0, 1, 1, 0, 0, 0, 0, 0, 0, 0, 0, 0, 0, 0, 0, 0, 0, 0, 0]]	toxic
132	1122247428915200000	['USER', 'USER', 'තවුහික්', 'ජමාත්', 'එකේ', 'අයට', 'පුකේ', 'අමාරු', 'නිසා', 'බෝම්බ', 'දානව', 'කියලා', 'අහුවෙලාද']	1	['None']	offensive	[[0, 0, 0, 0, 0, 0, 1, 1, 0, 0, 0, 0, 0]]	toxic
133	1084723581387452416	['මුන්ට', 'වුවමනා', 'තැන්වල', 'අටවාගත්', 'කැමරා', 'පඩංගු', 'වලට', 'හසුවන', 'අවකාශය', 'සත්\u200dයය', 'ලෙස', 'පිළිගන්නට', 'මෙම', 'මීඩියා', 'කපුටන්', 'මෙරට', 'ජනතාවට', 'බල', 'කරමින්', 'තිබේ', 'එම', 'අවකාශයේ', 'සිදුවන', 'සිදුවීම්', 'අධ්\u200dයක්ෂණය', 'කර', 'ඇත්තේ', 'ද', 'මුන්', 'විසිනි', 'කළ', 'යුත්තේ', 'මෙවැනි', 'සක්කිලි', 'ජඩමාධ්\u200dය', 'නොබලා', 'වර්ජනය', 'කිරීමයි', 'URL']	1	['None']	offensive	[[1, 0, 0, 0, 0, 1, 0, 0, 0, 0, 0, 0, 0, 0, 1, 0, 0, 0, 0, 0, 0, 0, 0, 0, 0, 0, 0, 0, 0, 0, 0, 0, 0, 1, 0, 0, 0, 0, 0]]	toxic
134	964185379128590337	['කියන', 'ලියන', 'දෙයකට', 'ලයික්', 'එකක්', 'දාන්න', 'ඇගිල්ලක්', 'නැති', 'උන්', 'උන්ගේ', 'මගුලක්', 'බේදා', 'ගන්න', 'ටැග්', 'කරන', 'එක', 'තමයි', 'විදවන්න', 'බැරි', 'ඇයි', 'බං', 'ඒ', 'සක්කිලි', 'ගති']	1	['None']	offensive	[[0, 0, 0, 0, 0, 0, 0, 0, 0, 0, 0, 0, 0, 0, 0, 0, 0, 0, 0, 0, 0, 0, 1, 1]]	toxic
135	1120539839181488129	['අන්න', 'එකයි', 'වෙනස', 'උනේ', 'එච්චර', 'විනාශයක්', 'නවත්තන්න', 'තිබුණු', 'අවස්ථාව', 'නොදකින්', 'විතරක්', 'සක්කිලි']	1	['None']	offensive	[[0, 0, 0, 0, 0, 0, 0, 0, 0, 1, 0, 1]]	toxic
136	1444670417537355778	['මම', 'කාලයක්', 'වැඩකලා', 'UN', 'Habitat', 'එකට', 'සම්බන්ධ', 'ව්\u200dයාපෘතියක', 'කෝඩිනේටර්', 'කෙනෙක්', 'විදියට', 'ඒකෙදි', 'ඉගෙනගත්ත', 'ලොකුම', 'පාඩම', 'තමයි', 'දුප්පත්', 'අහිංසක', 'මිනිස්සු', 'කියන්නෙ', 'හෙනම', 'කපටි', 'කාලකන්නි', 'සක්කිලි', 'පිරිසක්', 'විත්තිය', 'උන්ට', 'අනුකම්පාවක්', 'අනිකා', 'ගැන', 'හැගීමක්', 'ගෑවිලාවත්', 'නෑ', 'මකරෙක්', 'PrayForSriLanka', '♡', 'USER', '·', '2', 'Oct', '2021', 'අහිංසකයි', 'වගේ', 'පෙන්නන්න', 'හදන', 'ගොඩක්', 'මිනිස්සු', 'ඇත්තටම', 'අහිංසක', 'නෑ', 'උන්', 'පට්ට', 'කපටි']	1	['None']	offensive	[[0, 0, 0, 0, 0, 0, 0, 0, 0, 0, 0, 0, 0, 0, 0, 0, 0, 0, 0, 0, 0, 1, 1, 1, 0, 0, 0, 0, 0, 0, 0, 0, 0, 0, 0, 0, 0, 0, 0, 0, 0, 0, 0, 0, 0, 0, 0, 0, 0, 0, 0, 1, 1]]	toxic
137	661082706407768065	['ඇයි', 'බං', 'unp', 'එකේ', 'මේ', 'වගේ', 'සක්කිලි', 'බල්ලො', 'ඉන්නෙහැදි', 'ගෑවිලා', 'යන්න', 'ඕනේ', 'මුන්', 'ඔක්කොම', 'URL']	1	['None']	offensive	[[0, 0, 0, 0, 0, 0, 1, 1, 0, 1, 1, 0, 0, 0, 0]]	toxic
138	1385511190885851147	['අද', 'පාර්ලිමේන්තුවේ', 'අනුර', 'කුමාරගේ', 'කතාව', 'ඇටිකෙහෙල්', 'කාපු', 'උගුඩුවෝ', 'වගේ', 'අනික්', 'ඔක්කොම', 'අවජාතක', 'හැත්ත', 'අහන්', 'හිටියා', 'දෙනවා', 'දීමක්', 'රෙදි', 'නෑ', 'ගෝඨාට', 'දුන්න', 'ඡන්දේ', 'ගැන', 'දවස', 'ගානේ', 'දුක්', 'වෙනවා', 'ඉදකින්']	1	['None']	offensive	[[0, 0, 0, 0, 0, 1, 1, 1, 0, 0, 0, 1, 1, 0, 0, 0, 0, 1, 1, 0, 0, 0, 0, 0, 0, 0, 0, 1]]	toxic
139	1463082610716983300	['මේ', 'අවජාතක', 'පරයා', 'දන්නේ', 'නෑ', 'ලූ', 'වම්බටූ', 'ගහල', 'පලා', 'ගත්තද', 'කියන', 'එක', 'දෙපැත්ත', 'කැපෙන', 'වචන', 'පෙලක්', 'බව', 'වර', 'පරයා', 'උබව', 'නලවලා', 'ගන්න', 'youtubecom', 'තිස්සකුට්ටි', 'යළිත්', 'ලැජ්ජ', 'නැතිකම', 'පෙන්නයි', 'ජනාධිපතිතුමා', 'ඔබේ', 'බිරිද', 'තිස්සකුට්ටි', 'යළිත්', 'ලැජ්ජ', 'නැතිකම', 'පෙන්නයි', 'ජනාධිපතිතුමා', 'ඔබේ', 'බිරිද', 'ඉදිරියේ', 'මේක', 'අහන්න', 'පුළුවන්ද', 'පාර්ලිමේන්තුවේ', 'උණුසුම්', 'තත්ත්වයක්Subscribe', 'today', 'for', 'Latest', 'News']	1	['None']	offensive	[[0, 1, 1, 0, 0, 0, 0, 0, 0, 0, 0, 0, 0, 0, 0, 0, 0, 1, 1, 0, 0, 0, 0, 0, 0, 0, 0, 0, 0, 0, 0, 0, 0, 0, 0, 0, 0, 0, 0, 0, 0, 0, 0, 0, 0, 0, 0, 0, 0, 0]]	toxic
140	1143792000971530242	['USER', 'USER', 'ඇයි', 'අනේ', 'ඔයා', 'ඔච්චරම', 'අවජාතක', 'කතා', 'කියන්නේ', 'ඔයාට', 'ඇත්තටම', 'රාජිත', 'මොනා', 'හරි', 'දෙනවාද', 'එයාට', 'මොනා', 'හරි', 'කවුරු', 'හරි', 'කියනකොට', 'ඔයාට', 'ඔය', 'තරම්', 'ඩෝන්', 'යන්නේ']	1	['None']	offensive	[[0, 0, 0, 0, 0, 0, 1, 0, 0, 0, 0, 0, 0, 0, 0, 0, 0, 0, 0, 0, 0, 0, 0, 0, 0, 0]]	toxic
141	826346547109453825	['කන්න', 'ඕන', 'වුණාම', 'කබරයා', 'තලගොයා', 'කරගන්න', 'කාලකන්නි', 'දේසපාලු', 'හැත්ත', 'ඔය', 'පාර්ලිමේන්තුවෙ', 'ඉන්න', 'එවුන්', 'තමයි', 'අවජාතක', 'අපේ', 'ගල්පාත', 'USER', '·', '31', 'Jan', '2017', 'ඒකාබද්ධ', 'විපක්සේ', 'SAITM', 'එකට', 'විරුද්ධයි', 'කියන්නේ', 'කෙල්ල', 'බඩ', 'කරලා', 'ළමයා', 'අවජාතකයි', 'කියලා', 'කියන්නෙත්', 'ඔය', 'වගේ', 'උන්', 'තමයි']	1	['None']	offensive	[[0, 0, 0, 0, 0, 0, 1, 1, 1, 0, 0, 0, 0, 0, 1, 0, 0, 0, 0, 0, 0, 0, 0, 0, 0, 0, 0, 0, 1, 1, 0, 0, 1, 0, 0, 0, 0, 0, 0]]	toxic
142	802457738160783360	['රජයේ', 'කැම්පස්වලට', 'යන', 'අහින්සක', 'දූවරුන්', 'බඩු', 'කරන', 'අවජාතක']	1	['None']	offensive	[[0, 0, 0, 0, 0, 1, 1, 1]]	toxic
143	1120535301968019458	['අහිංසක', 'මිනිසුන්ගේ', 'කඋුළු', 'වෙිදනාවන්', 'මිනි', 'මතින්', 'අන්තවාදී', 'පලිගැනීම්', 'කල', 'මුසල්මානුවනි\u2063', 'තොපිට', 'සාප', 'වෙිවා', 'සාප', 'වෙිවාසාප', 'වෙිවා', 'තොපේ', 'පවුල්', 'වලටත්', 'සාප', 'වෙිවාඅල්ලා', 'දෙවියොත්', 'කාලකණ්ණි', 'මුසල්මානුවන්ට', 'සමාව', 'නොදෙන', 'සේක්වාමියගිය', 'සියලුම', 'කිතුනු', 'බැතිමතුනි', 'ඔබ', 'සියලුම', 'දෙනා', 'සමාදාන\u2063යේ', 'සැතපෙත්වා']	1	['None']	offensive	[[0, 0, 0, 0, 0, 0, 1, 0, 0, 0, 1, 1, 1, 1, 0, 1, 1, 0, 0, 1, 0, 0, 1, 1, 0, 0, 0, 0, 0, 0, 0, 0, 0, 0, 0]]	toxic
144	1148941553689214977	['මෙහේ', 'ඉන්න', 'බබාලට', 'පඩි', 'පෙළකුත්', 'කපලා', 'ඒකට', 'රතු', 'පලසත්', 'දාන්න', 'ඕනෙ', 'කාලකණ්ණි', 'SriLanka', 'Politicians', 'Sky', 'News', 'USER', '·', '10', 'Jul', '2019', 'The', 'Queen', 'has', 'shown', 'age', 'isnt', 'a', 'barrier', 'for', 'her', 'The', '93yearold', 'was', 'asked', 'if', 'she', 'would', 'like', 'assistance', 'planting', 'a', 'tree', 'she', 'replied', 'No', 'no', 'Im', 'still', 'perfectly', 'capable', 'More', 'here', 'URL', '28', '1K', 'views']	1	['None']	offensive	[[0, 0, 1, 0, 0, 0, 0, 1, 1, 0, 0, 1, 0, 0, 0, 0, 0, 0, 0, 0, 0, 0, 0, 0, 0, 0, 0, 0, 0, 0, 0, 0, 0, 0, 0, 0, 0, 0, 0, 0, 0, 0, 0, 0, 0, 0, 0, 0, 0, 0, 0, 0, 0, 0, 0, 0, 0]]	toxic
145	1175037799021461506	['USER', 'ඕව', 'ඔහොම', 'ප්\u200dරසිද්ධියේ', 'දාන්න', 'එපා', 'අර', 'USER', 'අංකල්', 'දැක්කොත්', 'ඒම', 'ලේ', 'කකියලා', 'මැරෙයි', 'පොරඑහෙම', 'වුනොත්', 'අපරාදෙනෙ', 'කාලකණ්ණි', 'ජීවිතයක්']	1	['None']	offensive	[[0, 0, 0, 0, 0, 0, 0, 0, 0, 0, 0, 0, 0, 0, 0, 0, 0, 1, 1]]	toxic
146	1238876243744808960	['USER', 'කාලකණ්ණි', 'මිනිස්සු', 'ඇත්තටම', 'මුන්ට', 'මිනිස්සු', 'කියන්න', 'බැ', 'මුන්', 'තමයි', 'නියම', 'තිරිසන්නු']	1	['None']	offensive	[[0, 1, 0, 0, 0, 0, 0, 0, 0, 0, 0, 1]]	toxic
147	1178770074091569154	['USER', 'යුද්දෙ', 'කාලෙ', 'රෙවිල', 'හිටපු', 'උන්ට', 'එක', 'වාසියට', 'අමතක', 'කරා', 'දැන්', 'බලයට', 'කැදර', 'සෙරම', 'කාලකණ්ණි', 'මුල', 'අමතක', 'කරල', 'මෙක', 'ඇදන්', 'දගලන්නෙ', 'කෙලෙහිගුන', 'නොදන්න', 'කම', 'පෙන්වමින්', 'අවජාතක', 'හැත්ත', 'ඔබ', 'අනිවාර්යයෙන්', 'මෙ', 'රට', 'බාර', 'අරන්', 'ඔය', 'වැඩ', 'ඔය', 'කාලකණ්ණි', 'වැඩ', 'කරන', 'සෙරම', 'උන්ට', 'උපරිමයෙන්', 'මෙ', 'රටට', 'අගතියක්', 'කරන', 'උන්ට', 'නිතිය', 'ක්\u200dරියාත්මක', 'කරන්න', 'ඔන']	1	['None']	offensive	[[0, 0, 0, 1, 1, 0, 0, 0, 0, 0, 0, 0, 0, 0, 1, 0, 0, 0, 0, 0, 0, 0, 0, 0, 0, 1, 1, 0, 0, 0, 0, 0, 0, 0, 0, 0, 1, 0, 0, 0, 0, 0, 0, 0, 0, 0, 0, 0, 0, 0, 0]]	toxic
148	1404609445234020355	['USER', 'හා', 'හා', 'ගමිපහ', 'දිහාදි', 'ඔීකුන්', 'බැරි', 'වෙලාවත්', 'හමිබ', 'වුනොත්', 'නෝන්ඩි', 'කරනව', 'පතුරු', 'යන්න', 'නොදකින්', 'බැල්ලි', 'දවසම', 'කෑව']	1	['None']	offensive	[[0, 0, 0, 0, 0, 0, 0, 0, 0, 0, 1, 1, 1, 1, 1, 1, 1, 1]]	toxic
149	699111625085718529	['සහජීවනය', 'දෝරේ', 'ගලා', 'ගලා', 'එයි', 'උඩ', 'බැල්ලි', 'කිව්වා', 'ජාතික', 'කොඩිය', 'උස්සන්නේ', 'නෑ', 'කියා', 'නැගෙනහිර', 'අන්තවාදින්', 'අහින්සක', 'මුස්ලිම්', 'URL']	1	['None']	offensive	[[0, 0, 0, 0, 0, 0, 1, 0, 0, 0, 0, 0, 0, 0, 1, 0, 0, 0]]	toxic
150	1210955720973271041	['USER', 'USER', 'කිව්ව', 'දේවල්', 'ඇත්ත', 'වෙන්න', 'වැඩි', 'වෙලාවක්', 'ගියේ', 'නෑ', 'මොන', 'කුඹුරේ', 'දැම්මත්', 'හරකා', 'උම්බෑ', 'කියනවමයි', 'Sahan', 'Kaseera', 'USER', '·', '28', 'Dec', '2019', 'USERUSER', 'අගමික', 'සංකල්පයයි', 'ආගමික', 'නිකායයි', 'නොදන්න', 'ගොබ්බ', 'හරකෙක්', 'රිච්මන්ඩ්', 'හංවඩුව', 'ගහගෙන', 'තප්පුලනවා', 'උඹලා', 'ඔය', 'ඉස්කෝල', 'වල', 'පිළිකන්නේවත්', 'ඉගෙනගත්තා', 'නම්', 'අනික්', 'උන්ට', 'සදාචාරෙයි', 'අම්මගේ', 'රෙද්දයි', 'උගන්නන්න', 'කලින්', 'තමන්', 'හැදිලා', 'ඉන්නවා', 'මුලින්ම', 'තමන්', 'ලියපු', 'එක', 'කියවලා', 'වර', 'බැල්ලිගේ', 'පුතා']	1	['None']	offensive	[[0, 0, 0, 0, 0, 0, 0, 0, 0, 0, 0, 0, 0, 1, 1, 0, 0, 0, 0, 0, 0, 0, 0, 0, 0, 0, 0, 0, 0, 1, 1, 0, 0, 0, 1, 0, 0, 0, 0, 0, 0, 0, 0, 0, 0, 1, 1, 0, 0, 0, 0, 0, 0, 0, 0, 0, 0, 0, 1, 1]]	toxic
151	1306978979488739328	['සර්ට්', 'එකේ', 'දිග', 'කෙස්', 'ගහක්', 'තිබ්බම', 'කාගෙද', 'කියපන්', 'මේ', 'කෙස්', 'ගහ', 'එදායින්', 'පසු', 'දා', 'සිට', '•', 'කොට', 'කෙස්', 'ගහක්', 'අහු', 'උණාම', 'කවුද', 'මේ', 'බොක්', 'කට්', 'බැල්ලි', '•', 'මයිල්', 'ගහක්වත්', 'නැති', 'දාට', 'කවුද', 'අද', 'තට්ටයදැන්', 'තෝ', 'කොල්ලො', 'ගහන්නත්', 'පටන්', 'ගත්තද', 'සැකpromaxlevel']	1	['None']	offensive	[[0, 0, 0, 0, 0, 0, 0, 0, 0, 0, 0, 0, 0, 0, 0, 0, 0, 0, 0, 0, 0, 0, 0, 0, 0, 1, 0, 0, 0, 0, 0, 0, 0, 0, 1, 0, 0, 0, 0, 0]]	toxic
152	861212461185290242	['අපෙ', 'අම්මා', 'ඉතා', 'සුදුයි', 'අපෙ', 'අප්පා', 'ටිකක්', 'කලුයි', 'අපෙ', 'මල්ලී', 'හෙන', 'ගොබ්බයි', 'අපෙ', 'බල්ලා', 'වෛවර්ණයි']	1	['None']	offensive	[[0, 0, 0, 0, 0, 0, 0, 0, 0, 0, 1, 1, 0, 0, 0]]	toxic
153	1064883591308603392	['USER', 'USER', 'නොදකින්', 'ගල්', 'මුසලයා']	1	['None']	offensive	[[0, 0, 1, 1, 1]]	toxic
154	792726760483848192	['දේශපාලකයින්ගේ', 'බාලාංශෙ', 'වැඩ', 'තුක්', 'නොදකින්', 'URL']	1	['None']	offensive	[[0, 0, 0, 1, 1, 0]]	toxic
155	856028591972245505	['USER', 'USER', 'නොදකින්', 'මුගෙ', 'කට', 'ඔතන', 'ඉන්නෙ', 'පිරිමියෙක්', 'බං']	1	['None']	offensive	[[0, 0, 1, 0, 0, 0, 0, 0, 0]]	toxic
156	1061269781146329091	['USER', 'නොදකින්', 'අද', 'දාන', 'හැම', 'එකම', 'වැරදියි']	1	['None']	offensive	[[0, 1, 0, 0, 0, 0, 0]]	toxic
157	1052452154487779331	['මොකටද', 'තෝ', 'මගේ', 'phone', 'එක', 'දිහා', 'බලන්', 'ඉන්නෙ', 'පරට්ටි']	1	['None']	offensive	[[0, 1, 0, 0, 0, 0, 0, 0, 1]]	toxic
158	1014736540864409600	['ඒ', 'හිනාව', 'ඒ', 'බැල්ම', 'ඒ', 'කොන්ඩේ', 'නොදකින්', 'පරට්ටි', 'හරිම', 'මූසලයි', 'ෂික්']	1	['None']	offensive	[[0, 0, 0, 0, 0, 0, 1, 1, 1, 1, 1]]	toxic
159	1366394315782508544	['USER', 'USER', 'කියලා', 'වැඩක්', 'නෑ', 'අපි', 'දන්න', 'තරම්වත්', 'මේ', 'සමහර', 'කහ', 'කඩ', 'කාරයෝ', 'බුදු', 'දහම', 'දන්නවද', 'දන්', 'නෑඅැයි', 'දෙවියනේ', 'බුදු', 'දහම', 'කියන්නේ', 'බුද්ධියේ', 'දහම', 'වෙලත්', 'බුද්ධ', 'පුත්\u200dරයෝ', 'නැමති', 'සමහර', 'පරට්ට', 'එවුන්', 'මෙච්චර', 'දගලන්නේ', 'අප්පිරියයි']	1	['None']	offensive	[[0, 0, 0, 0, 0, 0, 0, 0, 0, 0, 1, 1, 1, 0, 0, 0, 0, 0, 0, 0, 0, 0, 0, 0, 0, 0, 0, 0, 0, 1, 1, 0, 0, 1]]	toxic
160	1394248034675007488	['කොල්ලො', 'රන්ඩු', 'වෙනකොට', 'ඇයි', 'ඇයි', 'මොකද', 'ඩෝ', 'ගෑනු', 'රන්ඩු', 'වෙනකොට', 'තෝ', 'පරට්ටී', 'රෙදි', 'සී', 'සී', 'කඩ']	1	['None']	offensive	[[0, 0, 0, 0, 0, 0, 1, 0, 0, 0, 1, 1, 0, 0, 0, 0]]	toxic
161	1291369685250789378	['USER', 'ගොන්', 'පරට්ට', 'හුකන්නා', 'ස්ටේටස්', 'දැම්මෙ', 'මොකෝ', 'බොල', 'ඒක']	1	['None']	offensive	[[0, 1, 1, 1, 0, 0, 0, 1, 0]]	toxic
162	1188740794737291265	['මර්වින්', 'සිල්වා', 'කඹුරුපිටියේ', 'සජිත්ගේ', 'වේදිකාවේ', 'ඉදලා', 'කෑ', 'ගහලා', 'කෑ', 'ගහලා', 'මිනිස්සු', 'අප්පුඩි', 'වත්', 'ගහන්නේ', 'නැති', 'උනාම', 'කියපි', 'මමත්', 'තොපි', 'වගේම', 'රුහුනේ', 'යකෝ', 'ගහපිය', 'අප්පුඩියක්', 'කබාලි', 'කියලා', 'හිතන්', 'ඉන්නේ', 'පිංපියා', 'PresPollSL']	1	['None']	offensive	[[0, 0, 0, 0, 0, 0, 0, 0, 0, 0, 0, 0, 0, 0, 0, 0, 0, 0, 1, 0, 0, 1, 1, 0, 0, 0, 0, 0, 1, 0]]	toxic
163	1009323286789050369	['USER', 'පක්', 'ආයි', 'හම්බුනොත්', 'දැනුවත්', 'කරන්නම්', 'බම්', 'තෝ', 'ගාල්ලෙද']	1	['None']	offensive	[[0, 1, 0, 0, 0, 0, 0, 0, 0]]	toxic
164	1399386286658449410	['USER', 'USER', 'USER', 'තෝ', 'සයිස්', 'ගොනෙක්', 'ඇති', 'රටෙන්', 'කාලක්', 'හාන්න']	1	['None']	offensive	[[0, 0, 0, 1, 1, 1, 0, 0, 0, 0]]	toxic
165	884157351338496003	['අනේ', 'ඔව්', 'ඔව්', 'කිව්වා', 'කියලා', 'හිතාගනින්', 'අහුවෙයන්කො', 'තෝ', 'ප', 'Captain', 'America', 'URL']	1	['None']	offensive	[[0, 0, 0, 0, 0, 0, 0, 1, 1, 0, 0, 0]]	toxic
166	1231944697276502016	['USER', 'USER', 'USER', 'යකෝ', 'පිස්සෝ', 'ෆස්ට්', 'ටයිප්', 'කරද්දි', 'දන්නේ', 'නැද්ද', 'තෝ', 'ගොන්ද']	1	['None']	offensive	[[0, 0, 0, 1, 1, 0, 0, 0, 0, 0, 1, 1]]	toxic
167	1178191187062095872	['සිගරට්', 'නෙමේ', 'තෝ', 'ඒකිට', 'පේන්න', 'හොඳට', 'තැනකට', 'පල', 'මෝඩ', 'මූසලයා', 'URL', 'This', 'Tweet', 'is', 'unavailable']	1	['None']	offensive	[[0, 0, 1, 0, 0, 0, 0, 1, 1, 1, 0, 0, 0, 0, 0]]	toxic
168	1005426114414563328	['ඕය', 'සක්කිලි', 'තමා', 'අන්තඃපුර', 'කරල', 'අපිට', 'කෙල්ලෙක්', 'නැති', 'කරන්නෙ', 'Amila', 'Chathuranga', 'USER', '·', '9', 'Jun', '2018', '23ක', 'වගේ', 'දුවෙක්ගෙ', 'ෆෝන්', 'එකකට', 'වෛරස්', 'ඇවිත්', 'කියලා', 'බලලා', 'දුන්නා', 'හම්බෝ', 'දෙයියනේ', 'ඒකිට', 'එලියට', 'කතාකරන්න', 'යං', 'කියල', 'එකේක', 'සෝස', 'මීඩියා', 'චැට්', 'වලින්', 'ආපු', 'රික්වෙස්ට්', 'ගාන', 'බුදු', 'සන්තෝ', 'එයාට', 'දවසට', 'එක', 'කොල්ල්\u200dර්ක්', 'එක්ක', 'කතාකරන්න', 'ටවුමට', 'ගියත්', 'අවුරුදු', '60', 'වෙනකල්', 'වගෙ', 'යතෑකි', 'එකේක', 'කොල්ලො', 'එක්ක']	1	['None']	offensive	[[0, 1, 0, 0, 0, 0, 0, 0, 0, 0, 0, 0, 0, 0, 0, 0, 0, 0, 0, 0, 0, 0, 0, 0, 0, 0, 0, 0, 0, 0, 0, 0, 0, 0, 0, 0, 0, 0, 0, 0, 0, 0, 0, 0, 0, 0, 0, 0, 0, 0, 0, 0, 0, 0, 0, 0, 0, 0, 0]]	toxic
169	1110979592515395585	['නදීමාල්', 'පස්සේ', 'පන්නන', 'හිගන', 'ප්\u200dරාදේශීය', 'වාර්තාකරුවන්ට', 'එක', 'නිවුස්', 'එකකට', 'තාම', 'ගෙවන්නේ', 'රුපියල්', '750යි', 'ඒ', '750', 'ගන්න', 'තමා', 'ඔය', 'පුක', 'උඩදාගෙන', 'මයික්', 'අල්ලන්නේ', 'ඊට', 'වැඩිය', 'හොද', 'නැද්ද', 'මයික්', 'එක', 'පුකේ', 'ගහගෙන', 'පාරක්', 'අයිනේ', 'හිටියානම්']	1	['None']	offensive	[[0, 0, 0, 1, 0, 0, 1, 0, 0, 0, 0, 0, 0, 0, 0, 0, 0, 0, 1, 1, 1, 0, 0, 0, 0, 0, 1, 1, 1, 1, 0, 0, 0]]	toxic
170	1436311777680134147	['USER', 'ඇයි', 'ඒ', 'හැම', 'එක්කම', 'පස්ස', 'නෙරාගෙන', 'ඉන්නෙ', 'අසනීපයක්ද', 'ඒ', 'කෙල්ලට']	1	['None']	offensive	[[0, 0, 0, 0, 0, 1, 1, 0, 0, 0, 0]]	toxic
171	580359697477292032	['සිරිලංකන්', 'ස්ටයිල්', 'ගෑණි', 'පවුල', 'ගෙදර', 'උන්දැ', 'ඒයි', 'යෝදි', 'අරය', 'වාතේ', 'බිරිඳ', 'ඇණේ', 'වයිපරේ', 'හාමිනේ', 'නෝනෙ', 'මළ', 'යස්සණී', 'URL']	1	['None']	offensive	[[0, 0, 1, 0, 0, 0, 0, 0, 0, 1, 0, 1, 0, 0, 0, 1, 1, 0]]	toxic
172	1424016684650696711	['ස්වර්ණවාහිනී', 'එකේ', 'අර', 'මුමුණන', 'ගෑණි', 'කවුද', 'බං', 'මුං', 'මොනවට', 'නිවුස්', 'කියන්න', 'තෝරගත්තද', 'මන්දා']	1	['None']	offensive	[[0, 0, 0, 0, 1, 0, 0, 1, 0, 0, 0, 0, 0]]	toxic
173	1145153624072261632	['හොදම', 'හරිය', 'ඇගිල්ලෙනේ', 'ඩාලින්', 'හැපි', 'බර්ත්', 'ඩේ', 'හුතෝ', 'USER', '1']	1	['None']	offensive	[[0, 0, 0, 0, 0, 0, 0, 1, 0, 0]]	toxic
174	723423991558365185	['මල්සරො', 'විදිනවානම්', 'විදපන්', 'ඉක්මනට', 'නැත්\u200dතන්', 'පල', 'යන්ට', 'මුසලයා']	1	['None']	offensive	[[0, 0, 0, 0, 0, 1, 1, 1]]	toxic
175	1457271117861642249	['මේ', 'නුගත්', 'මුසලයා', 'කට', 'ඇරියෝත්', 'නිදහසට', 'කාරනා', 'facebookcom', 'Ape', 'Rate', 'Gawa', 'Sampathaඅපේ', 'රටේ', 'ගව', 'සම්පත', 'ඝෝටාබයට', 'මහින්දගෙන්', 'උපදෙස්', 'ඝෝටාබයට', 'මහින්දගෙන්', 'උපදෙස්', 'මාලාවක්']	1	['None']	offensive	[[0, 1, 1, 0, 0, 0, 0, 0, 0, 0, 0, 0, 0, 0, 0, 0, 0, 0, 0, 0, 0, 0]]	toxic
176	569764113066418176	['අයියෝව්ස්', 'දැන්', 'ඉතින්', 'උඩ', 'බලන්', 'ඉදෆිය', 'මුසලයා', '\U000fe340\U000fe340', 'අසික්කිතයි', 'URL']	1	['None']	offensive	[[0, 0, 0, 0, 0, 0, 1, 0, 1, 0]]	toxic
177	1441809004938678272	['USER', 'USER', 'USER', 'කවුද', 'මේ', 'පිස්සාමෙන්න', 'මූව', 'වාඩි', 'කරවන්න']	1	['None']	offensive	[[0, 0, 0, 0, 0, 0, 0, 0, 0]]	toxic
178	639446830833532929	['අපේ', 'ඡන්දෙන්', 'අන්තිමට', 'කිසිම', 'වැඩක්', 'නැති', 'උනාශික්මහ', 'කලකිරීමක්', 'තියෙන්නෙඅමු', 'පිස්සා', 'ඌට', 'උදව්', 'කරපු', 'ඔක්කොම', 'ගොඩ', 'දැම්ම']	1	['None']	offensive	[[0, 0, 0, 0, 0, 0, 0, 0, 0, 1, 1, 0, 0, 0, 0, 0]]	toxic
179	1312805228429934592	['USER', 'USER', 'නෑඔයයි', 'පිස්සාඋන්නද', 'මලාද', 'කියලා', 'හෙව්වෙ', 'නෑහරක්', 'පීටරය']	1	['None']	offensive	[[0, 0, 0, 0, 0, 0, 0, 0, 0]]	toxic
180	1309907275859984386	['USER', 'කොල්ලට', 'වයස', '17', 'යි', 'කියන්නෙ', 'බඩුම', 'තමා', 'කෙල්ලට', '15ක්', 'වත්', 'ඇති', 'පොඩි', 'හුජ්ජ', 'පැටව්']	1	['None']	offensive	[[0, 0, 0, 0, 0, 0, 1, 0, 0, 0, 0, 0, 1, 1, 1]]	toxic
181	1481674566649155586	['USER', 'USER', 'ඇත්තටම', 'දුකයි', 'මේ', 'හුජ්ජ', 'කෙල්ලො', 'ගැන']	1	['None']	offensive	[[0, 0, 0, 0, 0, 1, 1, 0]]	toxic
182	1184151460650586112	['USER', 'හුජ්ජ', 'කලාට', 'ඒක', 'දවසට', 'දෙතුන්', 'වතාවක්', 'හෝදනව', 'නෙ']	1	['None']	offensive	[[0, 1, 0, 0, 0, 0, 0, 0, 0]]	toxic
183	656544390991638528	['හුජ්ජ', 'කොල්ලන්ගේ', 'වෙබ්', 'සහ', 'නින්දෙන්', 'පවා', '“මහින්දට”', 'බය', 'විම', 'URL']	1	['None']	offensive	[[1, 1, 0, 0, 0, 0, 0, 0, 0, 0]]	toxic
184	1488810739456524290	['හුජ්ජබරට', 'විතරක්', 'බිජ්ජ', 'උල්වෙන', 'පොඩිඑකෙක්', 'සෙස්', 'කරන්ඩ', 'කතාකරනවා', 'මම', 'දැං', 'MK', 'Darshana', 'K', 'USER', '·', '2', 'Feb', 'USER', 'සෙස්', 'කරමු', 'දේ']	1	['None']	offensive	[[1, 0, 1, 1, 1, 1, 1, 1, 0, 0, 0, 0, 0, 0, 0, 0, 0, 0, 1, 1, 0]]	toxic
185	811977112286466048	['USER', 'අඩො', 'කැ×යා', 'තො', 'මට', 'අරන්', 'දුන්නෑ', 'KP', 'WP', 'USER']	1	['None']	offensive	[[0, 0, 1, 1, 0, 0, 0, 0, 0, 0]]	toxic
186	1247794751362875392	['USER', 'USER', 'USER', 'කෞද', 'අඩො', 'කසුන්ට', 'පිස්සු', 'කියන', 'එකාාාා', 'ආ', 'යූ', 'කිඩ්ඩිං', 'මී', 'දෙන්නෙ', 'කන', 'පැලෙංඩ']	1	['None']	offensive	[[0, 0, 0, 0, 1, 0, 1, 0, 0, 0, 0, 0, 0, 0, 1, 1]]	toxic
187	1110202442833002496	['අඩො', 'USER', 'නාකිය', 'සුභම', 'සුභ', 'උපන්දිනයක්']	1	['None']	offensive	[[1, 0, 1, 0, 0, 0]]	toxic
188	1058005411482095618	['USER', 'අඩො', 'එළදෙනබැල්ලිහිවලි', 'happy', 'birthday', 'ඇන්ටො']	1	['None']	offensive	[[0, 1, 0, 0, 0, 0]]	toxic
189	1310946320845336577	['USER', 'අඩො', 'කැරියා', 'කිව්වා', 'නම්', 'මාත්', 'එනවනෙ', 'සුන්ඛයා']	1	['None']	offensive	[[0, 0, 1, 0, 0, 0, 0, 1]]	toxic
190	563362997775519744	['අඩො', 'තොට', 'කනෙත්', 'එක්ක', 'අරිනව', 'හරිද', 'SriLankanThreats']	1	['None']	offensive	[[1, 1, 0, 0, 1, 0, 0]]	toxic
191	926667860822278144	['මෝඩ', 'මීහරකා', 'CAS8114', 'SLtrafficCloseCall', 'URL']	1	['None']	offensive	[[1, 1, 0, 0, 0]]	toxic
192	1139813611679838208	['යකෝ', 'අපේ', 'රත්තරං', 'රනිල්', 'මහත්තාගෙ', 'සංකල්පයකට', 'අනුව', 'වෝක්ස්වැගන්', 'කොම්පැනියක්ම', 'හැදුවා', 'ඒ', 'අස්සෙ', 'මේ', 'ගොන්', 'වහල්ලු', 'ගෝටගේ', 'සංකල්පයකට', 'මොකද්ද', 'වේගා', 'කියල', 'හුචක්කුවක්', 'හැදුවා', 'කියලා', 'මැරෙන්න', 'හදනවා', 'ආදරෙයි', 'රනිල්', 'මහත්තයෝ']	1	['None']	offensive	[[0, 0, 0, 0, 0, 0, 0, 0, 0, 0, 0, 0, 0, 1, 1, 0, 0, 0, 0, 0, 1, 0, 0, 0, 0, 0, 0, 0]]	toxic
193	718445452006326272	['මුංගෙ', 'ගොන්', 'ෆොටෝස්', 'විතරයි', 'මගුල', 'news', 'feed', 'එකේ', 'තියෙන්නෙ', '3']	1	['None']	offensive	[[0, 1, 0, 0, 1, 0, 0, 0, 0, 0]]	toxic
194	1193547283595284480	['USER', 'අනිවාර්යයෙන්', 'අක්කේ', 'මන්', 'දන්නා', 'තරමින්', 'ඉන්දියාවේන්', 'පිච්ච', 'ගෙන්නන්නේ', 'අග', 'මැටි', 'ගොන්', 'නාම්බෙක්']	1	['None']	offensive	[[0, 0, 0, 0, 0, 0, 0, 0, 0, 1, 1, 1, 1]]	toxic
195	1470251259441475587	['කාබනික', 'ගොන්', 'බයියෙක්ව', 'අල්ලල', 'නාවන්න', 'ඕනෙ', 'Lakna', 'Amandi', 'USER', '·', '12', 'Dec', '2021', 'ජීවිතේට', 'බල්ලො', 'කාලා', 'නෑ', 'ගොයම්', 'පොහොර', 'ගඳට', 'බල්ලොත්', 'දැන්', 'ගොයම්', 'කනවා']	1	['None']	offensive	[[0, 1, 1, 0, 0, 0, 0, 0, 0, 0, 0, 0, 0, 0, 0, 0, 0, 0, 0, 0, 0, 0, 0, 0]]	toxic
196	1154068481538527232	['USER', 'ඊය', 'යකෝ', 'බොලෑ', 'ගේ', 'පංසලඅපේ', 'පංසලේ', 'හාමුදුරුවෝ', 'ස්ට්\u200dරේට්', 'කාරුවත්', 'වැඩිය', 'නැත්තන්', 'බැල්ලියෙක්', 'වත්', 'පංසල', 'පලාතේ', 'යවන්', 'නැහැ', 'ගමේ', 'මිනිස්සුමොකද', 'ආච්චිලට', 'පවා', 'කේස්', 'වෙලා', 'තිබුනා']	1	['None']	offensive	[[0, 0, 1, 1, 0, 0, 0, 0, 0, 0, 0, 0, 1, 0, 0, 0, 0, 0, 0, 0, 0, 0, 0, 0, 0]]	toxic
197	1121843314293202944	['උබල', 'හිතනවද', 'හමුදාවෙ', 'අය', 'වෙපන්', 'උස්සන්', 'දාඩිය', 'පෙරාගෙන', 'ජීවිතයත්', 'මරණයත්', 'අතර', 'සටණට', 'යන්නෙ', 'මෙ', 'කොහෙවත්', 'ඉන්න', 'පසික්කාඩු', 'මන්ත්\u200dරීයෙක්ට', 'තොරතුරු', 'දිදී', 'ඉන්ඩ', 'කියලා', 'අම්මහෙ', 'රෙද්ද', 'වගකීම', 'නවල', 'ගහගනින්', 'බන්', 'පුකේ', 'අපි', 'නෙවෙයි', 'මිනිස්සු', 'අවුස්සන්නෙ', 'තොපිම', 'තමා', 'මිනිස්සුන්ව', 'අවුස්සන්නෙ', 'සක්කිලි', 'හැත්ත']	1	['None']	offensive	[[0, 0, 0, 0, 0, 0, 0, 0, 0, 0, 0, 0, 0, 0, 0, 0, 1, 0, 0, 0, 0, 0, 1, 1, 0, 0, 1, 1, 1, 0, 0, 0, 0, 1, 0, 0, 0, 1, 1]]	toxic
198	1147379211474280449	['ජීවත්', 'වෙන්න', 'අමාරු', 'උනත්', 'දෙවියන්ට', 'උන්නෑ', 'බාර', 'විසයි', 'සමාජේ', 'රසයි', 'විනාසේ', 'පෑගිලා', 'පුරුදුයි', 'තාර', 'නැවතුනොත්', 'ඉවරයි', 'විරාම', 'නෑ', 'සැරයි', 'පාර', 'මූණට', 'හිනාව', 'දාන', 'යාළුවෙක්', 'වගේ', 'රඟපාන', 'හැත්ත', 'පිරිලා', 'මෙහෙ', 'සිය', 'දෙනෙක්', 'ගත්තොත්', 'අනූ', 'අටක්', 'දිවවල්', 'දෙකේ', 'හාදු', 'දෙන්නේ', 'ආදරේට', 'නෙමෙයි', 'ඕනම', 'කෙනෙක්', 'යටින්', 'පුප්පන්නේ', 'පෙණේ']	1	['None']	offensive	[[0, 0, 0, 0, 0, 0, 0, 0, 0, 0, 0, 0, 0, 0, 0, 0, 0, 0, 0, 0, 0, 0, 0, 0, 0, 0, 1, 0, 0, 0, 0, 0, 0, 0, 0, 0, 0, 0, 0, 0, 0, 0, 1, 1, 1]]	toxic
199	1057113225966178304	['කුජීත', 'කමෙන්ට්', 'දාන', 'අඩු', 'කුලේ', 'පර', 'හැත්ත']	1	['None']	offensive	[[0, 0, 0, 1, 1, 1, 1]]	toxic
200	1155067939361566721	['අන්න', 'සමහර', 'තැන්', 'වල', 'මාර', 'පල්', 'හෑලි', 'ගොඩක්', 'දාලා', 'කෘතවේදීව', 'මාලී', 'පිං', 'දීපූ', 'එකත්', 'දේශපාලනීය', 'කරන්න', 'Unp', 'Jvp', 'හැත්ත', 'පුදුම', 'වෙහෙසක්', 'ගන්නවා', 'හැබැයිෆේල්']	1	['None']	offensive	[[0, 0, 0, 0, 0, 0, 0, 0, 0, 0, 0, 0, 0, 0, 0, 0, 0, 0, 1, 0, 0, 0, 0]]	toxic
201	1223600398616805379	['ලක්ෂ', 'ගණං', 'දීලා', 'ඇපල්', 'ගත්තට', '49', 'ඩේටා', 'කාර්ඩ්', 'එකක්', 'නැතුව', 'වැලපෙන', 'හැත්ත']	1	['None']	offensive	[[0, 0, 0, 0, 0, 0, 0, 0, 0, 0, 1, 1]]	toxic
202	1435176338600628225	['චන්දිමාල්', 'ගගා', 'ඌට', 'වස්තිය', 'වැදුනා', 'සාපයක්', 'තොපි', 'SAvSL']	1	['None']	offensive	[[0, 0, 0, 0, 0, 1, 1, 0]]	toxic
203	1179776051393810433	['හෙට', 'ගෝඨා', 'ගේ', 'නඩුවේ', 'තීන්දුව', 'කුමක්', 'උවත්', 'ජනතාව', 'දන්නවා', 'බල', 'ලෝභී', 'සාපරාධී', 'පට්ට', 'කෙබරපරාජිත', 'Unp', 'Usa', 'Ngo', 'ගොබේල්ස්', 'ලා', 'ගේ', 'කොන්ද', 'පණ', 'නැති', 'අසික්කිත', 'වැඩක්', 'කියලා', 'මීට', 'රටේ', 'බුද්ධිමත්', 'මහජනතාව']	1	['None']	offensive	[[0, 0, 0, 0, 0, 0, 0, 0, 0, 1, 1, 1, 1, 0, 0, 0, 0, 1, 0, 0, 0, 0, 0, 1, 0, 0, 0, 0, 0, 0]]	toxic
204	1378750374245371907	['සාප', 'කළාම', 'රිදෙනනවා', 'කියන්නෙ', 'ඒ', 'අයගෙ', 'හෘද', 'සාක්ෂිය', 'තමන්', 'වැරදියි', 'කියනවද', 'Kamila', 'Dias', 'USER', '·', '4', 'Apr', '2021', 'නොවුනට', 'අද', 'පාස්කු', 'ඉරිදා', 'සාප', 'වේවා', 'උඹලට', 'දී', 'රූකඩ', 'ආණ්ඩුවක්', 'පිහිටුවන්න', 'කඩේ', 'ගිය', 'උන්ට', 'ප්\u200dරහාරය', 'ගැන', 'දැනගෙනත්', 'දන්නෙ', 'නැහැ', 'වගේ', 'හිටපු', 'උන්ට', 'මුස්ලිම්', 'අන්තවාදීන්ට', 'පසුබිම', 'හදපු', 'උන්ට', 'මුස්ලිම්', 'අන්තවාදයට', 'මුදල්', 'වියදම්', 'කරලා', 'දැන්', 'ඒ', 'මුදල්', 'වෙනත්', 'පක්ෂ', 'වලට', 'යොදවන', 'උන්ට']	1	['None']	offensive	[[1, 0, 0, 0, 0, 0, 0, 0, 0, 0, 0, 0, 0, 0, 0, 0, 0, 0, 0, 0, 0, 0, 1, 1, 1, 0, 0, 0, 0, 0, 0, 0, 0, 0, 0, 0, 0, 0, 0, 0, 0, 0, 0, 0, 0, 0, 0, 0, 0, 0, 0, 0, 0, 0, 0, 0, 0, 0]]	toxic
205	1031575571375960064	['මැච්', 'පෙන්නපන්', 'වල්', 'බල්ලො', 'නැත්තම්', 'ඕක', 'වහල', 'දාපන්', 'කාලකණ්ණි', 'හැත්ත']	1	['None']	offensive	[[0, 0, 1, 1, 0, 0, 0, 0, 1, 1]]	toxic
206	1425850803558838276	['USER', 'සෙස්සුවල්', 'සැප', 'නැරඹීම', 'සහ', 'මුදලට', 'ගැනීම', 'කියන්නේ', 'අයිතියක්', 'මෙහෙ', 'ඉතිං', 'බඩු', 'ගහල', 'අතට', 'අහුවුනත්', 'ඒ', 'පක', 'මගෙ', 'නෙමෙයි', 'කියන', 'තාලෙ', 'දෙබිඩි', 'මිනිස්සු', 'නෙ', 'ඉන්නෙ', 'වැඩිහරියක්']	1	['None']	offensive	[[0, 0, 0, 0, 0, 0, 0, 0, 0, 0, 0, 1, 0, 0, 0, 0, 1, 0, 0, 0, 0, 0, 0, 0, 0, 0]]	toxic
207	918785606192267264	['USER', 'සීතලයි', 'යකෝ', 'රූමත්', 'ගෑණි', 'එක්ක', 'කොහෙද', 'ගියා', 'රෙද්ද']	1	['None']	offensive	[[0, 0, 0, 0, 1, 0, 0, 0, 1]]	toxic
208	1104675236413243392	['පැල', 'වවනවා', 'කිව්වම', 'ගන්ජා', 'නැද්ද', 'කියලා', 'අහන්න', 'එපා', 'යකෝ', 'රෙද්ද']	1	['None']	offensive	[[0, 0, 0, 0, 0, 0, 0, 0, 1, 1]]	toxic
209	1333140580482867201	['උඹ', 'නම්', 'සාපයක්', 'D', 'A', 'N', 'I', 'E', 'USER', '·', '29', 'Nov', '2020', 'ගම්මිරිස්', 'පාගලා', 'කකුල්', 'දෙක', 'කලුම', 'කලු', 'පාටයි']	1	['None']	offensive	[[0, 0, 1, 0, 0, 0, 0, 0, 0, 0, 0, 0, 0, 0, 0, 0, 0, 0, 0, 0]]	toxic
210	1411752073905926149	['කම්පැනි', 'එකේ', 'වැරදි', 'හින්දා', 'ඒකේ', 'අඩු', 'පඩියට', 'වැඩ', 'කරන', 'උන්ගෙන්', 'පලි', 'ගන්න', 'යන්න', 'එපා', 'යකෝ', 'ඒවා', 'හෙන', 'කැරි', 'වැඩ', 'dialog']	1	['None']	offensive	[[0, 0, 0, 0, 0, 0, 0, 1, 0, 0, 0, 0, 0, 0, 1, 0, 1, 1, 1, 0]]	toxic
211	1120915184099291136	['උඹලට', 'Politicians', 'ලා', 'එපා', 'උනා', 'කියල', 'උන්', 'අයින්', 'කරන්න', 'ඡන්දෙ', 'එනකම්', 'ඉන්නවද', 'අනේ', 'ගොනෝ', 'ඒ', 'ඡන්දෙත්', 'නාම', 'යෝජනා', 'ගන්නෙ', 'මුන්', 'සෙට්', 'එකම', 'තමයි', 'කතිරෙ', 'ගහන්නෙ', 'නැතුව', 'ආවත්', 'සෙට්', 'එකක්', 'ඉන්නවා', 'ඕකුන්ට', 'දෙන', 'ඉතින්', 'ආපහු', 'උන්', 'එනවාඅපි', 'මේවෙලාවෙදි', 'පට්ට', 'අසරණයි']	1	['None']	offensive	[[0, 0, 0, 0, 0, 0, 0, 0, 0, 0, 0, 0, 0, 1, 0, 0, 0, 0, 0, 0, 0, 0, 0, 0, 0, 0, 0, 0, 0, 0, 0, 0, 0, 0, 0, 0, 0, 0, 0]]	toxic
212	1303754550348640256	['වැටුන', 'හැම', 'වෙලාවකම', 'ලගින්', 'ඉදලා', 'අමාරු', 'හැම', 'කාලෙකදිම', 'එයා', 'ගැන', 'හොයලා', 'බලලා', 'පොඩ්ඩක්', 'පෙන්න', 'නැති', 'වෙද්දි', 'පන', 'බය', 'උන', 'මම', 'අද', 'එයා', 'හොදින්', 'ඉන්නවද', 'කියලවත්', 'දන්නෙ', 'නැතුව', 'බලාගෙන', 'ඉන්නවා', 'මට', 'හරි', 'පුදුමයි', 'ඕයී', 'තමුසෙට', 'මගෙ', 'ආදරේ', 'විහිළුවක්', 'උන', 'ගැන', 'C', 'H', 'I', 'K', 'U', 'U', 'USER', '·', '9', 'Sep', '2020', 'වැටුන', 'හැම', 'වෙලාවකම', 'ලගින්', 'ඉදලා', 'අමාරු', 'හැම', 'කාලෙකදිම', 'මං', 'ගැන', 'හොයලා', 'බලලා', 'පොඩ්ඩක්', 'පේන්න', 'නැති', 'වෙද්දී', 'පන', 'යන්න', 'බය', 'වුන', 'උඹ', 'අද', 'උන්නද', 'මළාද', 'බලන්නේ', 'නැතුව', 'ඈතින්', 'ඉන්නේ', 'කොහොමද', 'රගපෑවද', 'කොහොම', 'වුනත්', 'උඹේ', 'රංගනේනම්', 'පට්ටයි']	1	['None']	offensive	[[0, 0, 0, 0, 0, 0, 0, 0, 0, 0, 0, 0, 0, 0, 0, 0, 0, 0, 0, 0, 0, 0, 0, 0, 0, 0, 0, 0, 0, 0, 0, 0, 1, 1, 0, 0, 0, 0, 0, 0, 0, 0, 0, 0, 0, 0, 0, 0, 0, 0, 0, 0, 0, 0, 0, 0, 0, 0, 0, 0, 0, 0, 0, 0, 0, 0, 0, 0, 0, 0, 0, 0, 0, 0, 0, 0, 0, 0, 0, 0, 0, 0, 0, 0, 0]]	toxic
213	640599740984356864	['USER', 'USER', 'USER', 'අඩො', 'මොකුත්', 'කියන්න', 'එපා', 'මරනව', 'හරිය']	1	['None']	offensive	[[0, 0, 0, 1, 0, 0, 0, 1, 0]]	toxic
214	718097810642571266	['බල්ලා', 'එක්ක', 'හැප්පෙන', 'කකුල්', 'දෙකේ', 'හරකා']	1	['None']	offensive	[[0, 0, 0, 1, 1, 1]]	toxic
215	825728104861671425	['අද', 'සැට්', 'උන', 'ඥාති', 'වෙන', 'ලලනා', 'ඩබලකගෙ', 'ඇදුම්', 'ගැන', 'දෙයක්', 'හරු', 'බසෙන්', 'පයිය', 'අකාට', 'කිව්වම', 'ඌ', 'අරුන්ට', 'කියනවකනට', 'ඇහෙන්න', 'කතානොකරන', 'උන්ට', 'තමයි', 'ජරා', 'කටවල්', 'තියෙන්නෙ']	1	['None']	offensive	[[0, 0, 0, 0, 0, 0, 0, 0, 0, 0, 0, 1, 1, 1, 0, 0, 0, 0, 0, 0, 0, 0, 0, 0, 0]]	toxic
216	1122430480312352773	['USER', 'USER', 'එන්න', 'මචo', 'තේ', 'එකක්', 'බීල', 'යන්නපොන්න', 'අපිත්', 'මිනිස්සු', 'ඇයි', 'මෙච්චර', 'violence']	1	['None']	offensive	[[0, 0, 0, 0, 0, 0, 0, 0, 0, 0, 0, 0, 0]]	toxic
217	1222524122510442497	['මන්', 'තොට', 'කිවුවා', 'කියලා', 'හිතාගනින්', 'පොප්පයා']	1	['None']	offensive	[[0, 1, 0, 0, 0, 1]]	toxic
218	605634121662996480	['මෙක', 'මහ', 'කරුමයක්', 'යකො', 'රෙද්ද']	1	['None']	offensive	[[0, 1, 1, 1, 1]]	toxic
219	679514882744532992	['බස්', 'එකත්', 'අද', 'නිකන්', 'බඩුව', 'වගේ', 'හැම', 'එකම', 'ඇතුළට', 'දාගන්නවා']	1	['None']	offensive	[[0, 0, 0, 0, 1, 0, 0, 0, 0, 0]]	toxic
220	823196803826941952	['Mike', 'haysmanco', 'තෝ', 'දැන්', 'ගිහිල්ල', 'උඹෙ', 'ජ්ෆ්ජැෆ්ම්ස්ක්ජ්ච්ෂ්', 'gvhh', 'කරල', 'වරෙන්', 'SLVSA']	1	['None']	offensive	[[0, 0, 1, 0, 0, 0, 0, 0, 0, 0, 0]]	toxic
221	752717623775887360	['තොට', 'මොකටද', 'ඒක', 'රත්නශ්\u200dරී', 'විජෙසිංහ', '3', 'මගේ', 'ජිවිතේ', 'වීරයෙක්', '3', 'URL']	1	['None']	offensive	[[1, 0, 0, 0, 0, 0, 0, 0, 0, 0, 0]]	toxic
222	692723076765736960	['USER', 'USER', 'උඹ', 'ඒ', 'තරම්', 'නාකි', 'ද', 'පෝල්']	1	['None']	offensive	[[0, 0, 0, 0, 0, 1, 0, 0]]	toxic
223	657618455017820160	['කෝකිස්', 'අවුරුදු', 'මේමිස්', 'අතෙ', 'නෝ', 'මුදු', 'එනවද', 'මගෙ', 'ලඟට', 'වතු', 'හඳහන්', 'බලලා', 'හදමු', 'පෝරු', 'මැරෙන්න', 'ගහන්න', 'හිතයි', 'ඉරාජ්ට', 'ගොන්', 'ගීත', 'Last', 'one', 'sajje']	1	['None']	offensive	[[0, 0, 0, 0, 0, 0, 0, 0, 0, 0, 0, 0, 0, 0, 0, 0, 0, 0, 1, 0, 0, 0, 0]]	toxic
