id	content	Class	value
1456285387396091904	@USER මට උස ඝිල්ල සුදුවෙලා බඩ අඩුකරාන රැවුල වවාන එන්න කීව බුලත් හපයෙක්ව කසිප්පුකාරයෙක්ව බදින්න එයාට පිස්සු නෑ කීව අනික ගමෙන් හොයාගන්න කිව්ව විටකන අම්මන්ඩියෙක්ව.	OFF	{'අම්මන්ඩි', 'බුලත්', 'කසිප්පුකාරයෙක්ව', 'හපයෙක්ව', 'අම්මන්ඩියෙක්ව', 'විටකන'}
1410554078438907907	රැල්ලට අහු නොවී  සල්ලි ප්‍රින්ට් කරලාය අරකය මේකයි කියලා හැමනෙන්නෙ නැතිව Currency swap Inflation  මේ concept වල තේරැම හොයාගනියව් මොකද නැත්තං රැල්ලට පුක දෙන්න ගිහිං ආණ්ඩු මාරැ කර කර රටේ විනාසෙ මෙතුවක් කල් කරලා තියෙන්නෙ අර 225 නෙවේ රැල්ලට මෝඩ හැත්තක් වගේ පුක දීපු  උබයි මමයි....	OFF	{'හැත්තක්', 'මෝඩ', 'දෙන්න', 'හැමනෙන්නෙ', 'දීපු', 'පුක'}
933600231433711616	නංගි බාත් රූම් එකට ගිහින් ඇඳුම් එක එක ගලවලා අන්තිමට මගේ පැත්තට පස්ස හරවලා පුක පද්ද පද්ද පෑන්ටිය ගැලෙව්වා >>URL	OFF	{'පද්ද', 'හරවලා', 'පස්ස', 'ගැලෙව්වා', 'පෑන්ටිය', 'පුක'}
965052610230145025	මේ වේසාවෝ අවුරුදු ගානක් twitter ඉන්නවා..ස්පෑම් එකක් අදුර ගන්න බෑ..  යනවා කවුද මගේ ප්‍රොෆයිල් එක බලන්න ආවෙ කියලා.. මෝඩ හරක්   ඉතින් දෙවැනි ඉනිම බලන උන් වැඩි එක අහන්න දෙයක්යැ	OFF	{'වේසාවෝ', 'මෝඩ', 'හරක්'}
1416080372593569799	හැම වෙලාවෙම උඹට කෙලින්නෙ උඹ නොහිතන, උඹත් එක්ක එකටම ඉන්න, උඹේ හොඳ හිතවතෙක්.  - හිතවතුන්ගෙන් ප්‍රවේසම්වන්න - #දවසේසිතුවිල්ල	NOT
755269222138122240	බල්ලන් එක්ක නිදාගත්තම නැගිටින්න වෙන්නේ මැක්කෝ එක්ක..  වේස ගෑණු එක්ක වාද කරන්න ගියාම වෙන්නෙත් ඕකම තමයි	OFF	{'ගෑණු', 'වේස'}
628523135416016896	මන් උබලගේ පොස්ට් වලට කුප්ප ජහජරා හැමිනෙච්ච බල්ලොත් නොබලන  වේස කමන්ට් දාන්නේ   උබලට තියෙන ආදරේට මචන් ^_^ ^_^  :3 :3	OFF	{'බල්ලො', 'හැමිනෙච්ච', 'බල්ලොත්', 'නොබලන', 'ත්', 'කුප්ප', 'ජහජරා', 'වේස'}
1346309658521206784	@USER  @USER කියලා පෝලිම් දාගෙන වදාපු අවජාතක හැත්ත උඹලා. හම්බයන්ටද පෘතුගීසි කැරියන්ටද කියලා හරියටම හොයලා බලාගනින් උඹලගේ ජාතකේ. මේකෙ ඉන්න වේස බැල්ලියන්ගේ පැණි අම්බුඩ එකතු කරලා තම්බලා බීපල්ලා ඔය කැරිකම හරියනවද බලන්න	OFF	{'හම්බයන්ටද', 'කැරියන්ටද', 'අවජාතක', 'බැල්ලියන්ගේ', 'හැත්ත', 'කැරිකම', 'අම්බුඩ', 'වේස'}
1125070172543279111	මේ වගේ පොන්න පේජ් කාරයෝ නිසා තමා සෝසල් මීඩියා තහනම් වෙන්නේ. මිනිසුන් කලබල වන title දාලා පොඩි සීන් විඩියෝ එකක් පෙන්වලා. අපිව subscribe කරන්නලූ. කාලකන්නි. #SriLanka #lka Negombo The following media includes potentially sensitive content. Change settings View	OFF	{'කාලකන්නි', 'පොන්න'}
732898377638105088	පොන්නය උඹ කවුද කියල මේ photo එකෙන් පේනව..තොට හෙනම ගහපිය..අපේ හමුදා වීරයො සැමදා අමරණීයයි.. Vikalpa @USER  · 18 May 2016 Remembering Mulliwaikkal #MulliwaikkalBeach #srilanka #lka	OFF	{'උඹ', 'හෙනම', 'පොන්නය', 'තොට', 'ගහපිය'}
1167334497177624576	මේ වගේ Photoshop කරපුවා ඉදිරියේදී විශාල වශයෙන් ප්‍රචාරය කිරීමට පොන්න UNP නඩය සුදානම් වී සිටියි. එහෙයින්, ගෝඨාභය මහතාට සහය දක්වන සුවහසක් චන්දදයකයිනි ඒවා දුටු තැන පහර දෙන්න. Lanka Voice of Media @USER  · 29 Aug 2019 All the Sri Lankans know that Gotabaya Rajapaksa becomes the next president of Sri Lanka.  So some are playing with dirty photo editing.	OFF	{'UNP', 'පහර', 'පොන්න', 'නඩය', 'දෙන්න'}
609405314228600832	පොන්න රටක් වෙන්නේ කොහොමද? :D #LKA #sriLanka #PresPollSL #colombo #galle #Kandy	OFF	{'පොන්න'}
1346133215786856451	"""දුම්බීම ලිංගික අප්‍රාණිකත්වය ඇති කරයි"" . . ඉතිං මැණික උඹ නැතුව මේ ලබ්බ මොකටද..  #බෙබාගෙ_වචන #බේබදුකුමාර"	OFF	{'ලබ්බ'}
1463473954727686148	@USER කුඩු ගංජා අරක්කු ආදී තියෙන කැසිනෝ ආදී නරක විනෝදාංශ අතරින් ඉතාම සුලු වෙලාවකින් අහෝ කියවෙන සෙල්ලමක් තමයි බඩු.. ඕක ගහල ආවත් සෙක්ස් වර්කර්ලට අහවල් ලබ්බ නැතිවෙනවාය..කියල දහසක් හෑලි තැන් තැන්වල..	OFF	{'සෙක්ස්', 'ලබ්බ', 'අහවල්'}
1121361468925063169	@USER Curfew දැම්මනම් ඔය මොන ලබ්බක්වත් නෑනෙ යකෝ...එලියට බහින හැම එකාම කස්ටඩි හන්න ෆෝසස්වලට පවර් එක දුන්නම හරිනෙ	OFF	{'ලබ්බක්වත්', 'යකෝ'}
1076881815443390464	එකෙක් ඇමරිකාවේ ඉඳන් ඇවිත්, මෙහෙ දුප්පත් පොඩි මල්ලියෙක්ට ඉස්කොලේ සපත්තුවක් අරන් දීලා එකේ ෆොටො එකක් එෆ් බී දාලා. හම්මෝ උට මිනිස්සු බැනලා තියන තරම්. ඉතින් හු*තෝ ඌ ඇමරිකාවේ යන්නේ ඌ හම්බකරන හැම රෙද්දම උබලට පුදන්නද? අනික උගේ පර්සනල් අකවුන්ට් එකේ ඌ මොන ලබ්බ දැම්මත් උඹලගේ පු* කසන්නේ ඇයි?	OFF	{'හු*තෝ', 'ලබ්බ', 'උඹලගේ', 'රෙද්දම', 'කසන්නේ', 'පු*'}
721495045476524032	@USER @USER  @USER  මේ පොඩි උන් දන්න ලබ්බ සනී ලංකාවට එන්න හදපු නිසා තමා එකි ගැන දන්නෙ සමහරැ ලීසාව මියාව දන්නෙත් නෑ ඒකයි සනි ඉදිරියෙන්	OFF	{'ලබ්බ'}
1367088118860570629	@USER අන්න ඒ බය තියාගෙ යමු.. දානවා ට්‍රැවලින් බෑග් එකේ ..බෙල්ල නෙවෙයි බිජ්ජ නැතුව ..	OFF	{'බෙල්ල', 'නැතුව', 'බිජ්ජ', 'නෙවෙයි'}
1110940536049946629	හෙළ කරුමේ  @USER  උන් කරොත් පට්ට ලොකුවෙන් හුණු බිජ්ජක් වගේ එකක් තමයි. යකෝ ප්‍රොජෙක්ට් එක නිවාස ලක්ෂ 500,000 ක්. කොරන්නේ නිවාස 177 ( 0.0354% ) ක්ලු. යකෝ මේ විදියට මේ පන් ලක්ශේ ඉවර කොරන්න මුන්ට අවුරුදු 100 ක් විතර බලය දෙන්න වේවිනෙ. #srilanka  @USER  @USER  @USER	OFF	{'හුණු', 'බිජ්ජක්', 'කරුමේ', 'යකෝ'}
945901524311351296	කපනව තොගෙ බිජ්ජ  @USER  The following media includes potentially sensitive content. Change settings View	OFF	{'තොගෙ', 'බිජ්ජ', 'කපනව'}
1204285210822619136	කොහොමද කකුලුවෙක් ඇවිත් අන්ඩෙන් බිජ්ජ අල්ලද්දි	OFF	{'බිජ්ජ', 'අන්ඩෙන්'}
1360228386577158150	@USER නැතුව බිජ්ජෝ ,තෝ හිතුවද හැමදෙම ඩුප් කෙලින්නෙ කීලා	OFF	{'බිජ්ජෝ', 'තෝ'}
1177104397295185920	මේ රට මගෙ රට ...  ආදරෙයි සදහට  හිටියට පිටරට .. කරුමෙට ඉපදුන උන්  උඩ පුටුවට යව යව  යට ඉඳගෙන පිල් බෙදගෙන  අපි ලෙව කව කව ඉන්නවද තවත්  හතක් හෙන වදවි තොපි  පරම් පරා  හතක්  අදත් මකබෑවිල යන්නෙ බුරුතු පිටින් තොපි.	OFF	{'මකබෑවිල', 'වදවි', 'හෙන', 'තොපි'}
1309134857457602562	@USER මම හිතන්නෙ එයාලට සාමාන්‍යයෙන් සල්ලිත් ඇති මෙහෙ මෙහෙම හිටියට. මනුස්සයා කොළඹ වැඩ වෙන්න ඕනි. කරුම ජීවිත හැබැයි. එලියට බැහැලා තියා ඇතුලෙවත් ආසාවෙන් ඉන්න නෑනෙ	NOT
1140653820696940545	@USER ඒම නෙමෙ ඝොං ගෑනියෙ. වත්තෙ හුලං ගෙට එන්නැතුව බල්ලකුටවත් ඉන්න බෑ අපෙ ගේ ඇතුලෙ.... අපි ජනෙල් ග්‍රිල් වල තීන්තත් ගානෝ..ඉතිං ඕ රෙදි දාල හුලං නැති උනාම ආයෙ ඔව්ව උස්ස උස්ස ගලෝ ගලෝ කරුම කොරන්නෙ මක්කටෙයි.. ජනෙල් වල තින්ත ගෑව රෙදි ගැලෙව්ව  වෙරි සිම්පල්...	OFF	{'ඝොං', 'ගෑනියෙ'}
834590100239454210	කන්නයි බොන්නයි ඇවිදින්නයි ඇරුනම වැඩිපුරම සල්ලියක් යට කරන්නෙ බෙහෙත් වලට.  හෆ්ෆා මහ කරුම ජීවිත බං මේව.!	NOT
1238462627031834624	කොරෝනා බලේ කියන්නෙ 6000ට ගහපු බඩුව  ඊයේ මට කියනවා 3500ලු. කස්ටර්මස්ල නෑ ලු.	OFF	{'බඩුව'}
1353688161898160128	@USER ඔය වගෙ මුලු ඇගම පොරවන් පට්ට වේස කමේ යන ගෑනු ඉන්නවා බං මේ ඔන තරම් වරේන් පෙන්නන්න එතකොට තෙරුම් යයි බඩුව කියන එක ...මොන විදියටර එනවද කියලා හොයාගන්න බෑ කියලා.	OFF	{'ගෑනු', 'කමේ', 'පට්ට', 'බඩුව', 'වේස'}
1191078382278045696	@USER ඉයූව් ඉයූව්  ඒකීට බඩුව කියන්න එපා	OFF	{'ඒකීට', 'බඩුව'}
608275067282329600	එයා පාවිච්චි කරලා පාවිච්චි කරලා විසික් කරන පරන බඩුව මං පාවිච්චි කරන්න. ගැහුවා මවුස් එක පොලේ.  >:)	NOT
1310261919400378369	@USER අනේ පලයන් යන්න.මට අමාරුවක් නෑ යකෝ.ඕන මගුලක් හිතපන් මට කමක් නෑ.මගුල් කරන්න ඕනනම් මෙහෙම පෝස්ට් දාන්නෙ නෑ.ඔයාට මේව බලන්න බැරිනන් බලන්න එපා.ප්ලීස්.	OFF	{'හිතපන්', 'පලයන්', 'යකෝ', 'මගුලක්', 'අනේ', 'යන්න', 'නෑ'}
718845276497121280	@USER @USER  වටලයි කල්ලිය ගේ අද රෑට.. හිමිහිට පලයන් පිලිකන්නෙන් රූට රෑට..	OFF	{'හිමිහිට', 'පිලිකන්නෙන්', 'පලයන්'}
1007669809352400896	@USER  @USER තොපිට ලඟයි නේ පලයන් මල ගෙදර	NOT
716160579174473728	@USER @USER  අනේ නිකන් පලයන් බන් යන්න	OFF	{'බන්', 'යන්න', 'පලයන්'}
790817338220158976	@USER අනේ පලයන් බන් ගෝතයා	OFF	{'ගෝතයා', 'බන්', 'පලයන්'}
924121196995649536	@USER ඔයාලට මාර සන්තෝස ඇතිනේ .... හයියක් වෙයන් අපේ එවුන්ට .... බැලයෙක් නොවී මහඑකාගේ ....	OFF	{'බැලයෙක්'}
1119837324588789761	ඔයාට ඕනෙ මේකෙන් ප්‍රයෝජන ගන්නද? හා ගන්න..ඔයා තමා හරි..ඔයාගෙ පක්ෂෙ තමා මේ ලෝකෙ උතුම්ම... ලංකාව පවතිනතාක් කල් ඔයාගෙ පක්ෂෙ තමා තියෙන්න ඕන.. දන්නවද මට මොකද්ද ව්‍යංගයෙන් තේරෙන්නෙ කියල? තෝ වගේ එවුන් ඉන්නකං මේ රට හැමදාම පොලිටික්ස් වල්ට මරාගන්නව කියල.. Oh wait.. You dont even live here URL This Tweet is unavailable.	NOT
1272528314695991296	සජිත් ගේ පොරවල්ට මාර අරමුණු තියෙන්නේ.. UNP යේ බලය අල්ලා ගැනිම, සිරිකොතට යාම. යකෝ චන්දේ තියෙන්නේ රටේ මිනිස්සු වෙනුවෙන් ප්‍රතිපත්ති හදන පොරවල් තෝරන්න බං.  #lka #Election2020	NOT
1408723111067803650	@USER ඇයි තෝ අර ලස්සන රැවුල බෑවේ. මේවා ජාතික අපරාද අඩේ	NOT
1397532657924198402	කියන්න සුළඟේ තෝ කොහිසිටදෝ ආවේ මහ හයියෙන් ඇවිත් අපිව කළුවරේ තැබුවා.....//	NOT
1059088671968681984	@USER මෙ මුඩුක්කුවට එජාපය කඩේ ගියාට ලොල්ල දැම්මට  වෙනත් කිසිම කෙනෙක් කැමති නැහැ..........රාජිත..රංගෙ..මංගල..සුත්තර පුන්චා රනිල්...පාටලි..පච චතුර..රවි..අජිත් පෙරේරා.....තව හිදි.....කිසිම කෙනෙක් කැමති නැති චරිත..ගන්නම පුත්තු සල්ලිවල⁣ට...හොදයි සිරසට...නෙදකින්.	OFF	{'ලොල්ල', 'නෙදකින්'}
1057444020501266432	ජේතවනාරාමෙට ගල් ගහපු මිනිස්සු  ඉන්න රටක අභයගිරියට ගල් ඇද්ද කියන්නෙ ඉතින් පට්ට. Rasikalink @USER  · 30 Oct 2018 අභය ගිරිය ප්‍රතිසංස්කරණය කරදදි මමත් ගිහින් ගඩොල් ඇඳලා සහයෝගය දුන්නා. දැං මටත් Credit එක හම්බෙයිද අභය ගිරියට ගඩොල් ඇද්දා කියලා  #Creditමල්ලි	NOT
789073374722953216	@USER මං බූරුවෙක් වගේද යකෝ පේන්නෙ ගලවනව කලිසම ඔලුවෙන් ගෙම්බා	OFF	{'කලිසම', 'ගලවනව', 'ගෙම්බා', 'යකෝ', 'බූරුවෙක්'}
928333464675291136	මොනාද යකෝ මේ TL එකේ මාගල්	OFF	{'යකෝ', 'මාගල්'}
907195830951485441	@USER ,  @USER  @USER මල්ලි අපිට කුරැණෑගලද කොළඹද කියල අදාළ නෑ.ගෙදර ඉන්න එකා වැරැද්දක් කරත් වැරැද්ද වැරැද්දමයි. දැන් පලයන් ගිහින් පාඩම් කරපන්.	OFF	{'පලයන්'}
898953336191188996	@USER මේ බඩගිනි වෙලාවට ඕවා කටට එන්නෙත් නෑ..	NOT
1447608829336711173	හැමෙනෙනවනෙ...අතට අරන් කටට දාගන්න එකක් නැති වෙයිත...  #KKRvRCB	OFF	{'හැමෙනෙනවනෙ'}
998882497227145219	මට සමාවෙන්න .මගේ කටට බ්රේක් නැ .ඒ නිසා මම ඉල්ලන් කන්නේ	NOT
914078885133770752	කටට කෙළ ඉනුවා නම් RT කරන්න.  අපිට දැනට වටිනාකමක් නොදැනෙන, ඉස්සරහට ගණන් යනකොට වටිනාකම දැනෙන පලතුරක්	NOT
1267735182922022913	@USER මරුසුවිල් මිනීමරුවා සුනිල් රත්නායක සාධාරණීකරනය කරපු අය ජෝර්ජ් ෆ්ලොයිඩ් ගැන කවි ලියද්දි මට නිකං පිස්සු වගේ	NOT
905476491361652737	‘ඔබ විකෘති අයෙක්ද’ මාධ්‍ය අසයි.. ෆොන්සේකාට මල පැන කඩා පනී.. ඇල්ලේ ගුණවංශ චීවරධාරියාට පිස්සු හැදිලා කියයි..[Video] URL	OFF	{'විකෘති'}
1057477987875020800	@USER  @USER    This is the problem. There's only one kind the SriLankans උඩ ඉන්න උනුයි යට ඉන්න උනුයි කියලා රෙද්දක් නෑ. ඔක්කොම එකතුවෙලා පත්කගරත්තු 225 ගොං වස්සෝ පිස්සු කෙලිනකොට කෙලවෙන්නේ ඔක්කොටම එකට.	OFF	{'කෙලිනකොට', 'වස්සෝ', 'ගොං', 'පිස්සු'}
899696851988893696	@USER එහෙනම් අර අනිත් රටවල් වල උන්ටත් පිස්සු	NOT
725666619654062081	පිස්සු හැදෙනවා අප්පා මල්ලි උඹ කෙල්ලෙක් වුනා නම් මේකේ අයියාලා රට පීරලා උබව හොයයි.. උබට සින්දුවක් ලියලා දීලා... URL	NOT
1055834313890029569	යකෝ උදේ වැඩට යනකොට රනිල් වික්‍රමසිංහ අගමැති.  හවස වැඩ ඇරිල එනකොට මහින්ද රාජපක්ෂ අගමැති.   අාසි⁣යාවේ ආශ්චර්යය කියන්නෙ කට කහනවට නෙ⁣වෙයි ඉතිං!	NOT
1000404161811202048	මිනිස්සු ආතල් එකේ ඉන්නවට මං පට්ට කැමතියි. . හැබැයි මං දන්න කියන උන් කොහෙවත් ඉන්න ගොං වේස පක්කු එක්ක සෙට් වෙලා මගෙන් ආතල් ගන්නවට මං කැමති නෑ. . . මං දෙන ආතල් වෙනයි, මගෙන් ආතල් ගන්න එක වෙනයි !	OFF	{'පක්කු', 'ගොං', 'වේස'}
757897910461706242	""" මහින්ද මැතිදු ඇතුළු රාජපක්‍ෂ වරුන්ට වින කටින යහ-පාලු හැත්තට හෙන ගහන්න ඕනෑ..."" අසාධාරණය එරෙහි ප්‍රසන්නගෙන්... URL"	OFF	{'හැත්තට', 'ගහන්න', 'හෙන'}
1418093071422550019	මරු වැඩේ. Page reach වැඩි උනා, මිනිස්සු එකතු වෙන්න ගත්තා, ඒ මනුස්සයා ගැන කතා කරන්න ගත්තා. ආණ්ඩුවටයි විපක්සෙටයි තර්ජනයක් වෙන්න ගත්තා. දැන් හරි මේ මනුස්සයගේ බෙල්ල කොහොමහරි හිර කරලා තමා පස්ස බලන්නේ. අනේ මේ රටේ උන්ගේ හැටි. තූ! Dulith Kasun (DK) @USER  · 22 Jul 2021 අපි දැන් ඉන්නෙ 2022 මැද ද?	NOT
1311254746527719424	@USER ඔය කතාව දාන්න ඕනේ බුකියට. ඒකෙ තමයි සක්කිලි ඉන්නේ කෙල්ලන්ව රවට්ටලා අන්තිමට ජීවිතය විනාශ කරන. මේකෙත් ඇති. ගොඩක් ම රැපක් වගේ කරලා දැම්මා නං අද කාලේ තරුණ කොල්ලන් ගෙ ඔළුවලට ඕක යයි බං.	OFF	{'සක්කිලි'}
1135487032392704001	@USER ,  @USER  @USER අනේ අම්මට හුකහන් සමනල් පකයා තෝ සමලන් පොන්නයා පයිය කොටා	OFF	{'පකයා', 'පයිය', 'සමනල්', 'හුකහන්', 'කොටා', 'අම්මට', 'තෝ', 'සමලන්', 'පොන්නයා'}
1165936480453181440	අට සිඉයක් කඩ සද්දීත් ඇති පය්යා ... නව සිඉයක් වැල් බානින් බැඳී පය්යා ... කරු දෙකකින් උසුලාගන යන පය්යා ... කොතන දමා දෝ නොදැනෙයි කයි පය්යා .... . . . . . . . . . . . . .  ගුණසේන මහා සිංහල ශබ්දකෝෂයේ තියනවා පයිය !	OFF	{'පය්යා', 'පයිය'}
1345606794681278465	@USER අනේ පලයන් චාතුර්යා කියන නමින් ඉන්න පිරිමියා.  උඹට තියෙන පුකේ අමාරුව ඉස්කෝලෙ යන කෙල්ලන්ට පෑඩ් දෙන එකෙක් සිංහල ජාතිය නැති වෙනවා කියන එකද?  අනේ හුත්ති-පයියෝ, නිකන් දෙන පෑඩ් ඇන්දම ජාතියක් නැති වෙන්නෙ කොහොමද?  පිරිමි ගණිකාව, තොට මානසික රෝගයක්, බේත් ගනින්	OFF	{'ගණිකාව', 'පලයන්', 'පයියෝ', '-', 'තොට', 'හුත්ති', 'පුකේ'}
1028558546420609024	උත්තරීතර දායක සභාවෙන් ද, තෙලෝසිංහලබුජ්ජාගංරක්ෂක සීමාරහිත පුද්ගලික සමාගමෙන් ද, හැම හුත්තටම හොරෙංහොල්ලන පයිය ඔබන්න හදන මූණ චප්පං කහකඩ මල්ලිගෙං ද, පාටිය ඉවරවෙලා බීමතේ තැන්තැන් වල කාණු පතුළ හොයන අයියලා අක්කලා... URL	OFF	{'ඔබන්න', 'හොරෙංහොල්ලන', 'පයිය', 'හුත්තටම', 'හැම'}
958370709146882051	@USER උන්ට තමයි සල්ලාලයො කියන්නෙ. එහෙම තමයි ලංකාවෙ කැරි පොන්න වේසිගෙ පුතාල ඉන්න තාක්කල් ඔවගේ ගොඩ යෑමක් නෑ	OFF	{'සල්ලාලයො', 'වේසිගෙ', 'කැරි', 'පොන්න'}
1120329665439248384	ප්‍රවෘත්ති බලලා මේ කැරි පොන්නයෝ කියන කතා දකිනකොට ඇඟේ මාලු නටනවා යකෝ....වේස පොන්නයෝ... හැම එකාම ප්‍රසිද්ධියේ සමාව අරන් ඉල්ලා අස් වෙන්න ඕන වේසිගේ පුතාලා (Sorry fot the language)	OFF	{'මාලු', 'පොන්නයෝ', 'යකෝ', 'පුතාලා', 'නටනවා', 'වේසිගේ', 'කැරි', 'වේස'}
1468989359017783297	@USER ඡන්දේ ඉල්ලන්නෙත් නැතිව තෝ වගේ පෙරේත පාදෙන් ආව වේසිගේ පුත්තුන්ට මේ රටේ පාරිපාලනය අතටගන්න ඉඩ තියන්නේ නෑ. මිනිස්සු. බලන් හිටපන් වෙන දේ. කාළකණ්නියා. තොගේ පවුලේ හැත්ත විතරද ජීවත්වෙන්නේ පකයෝ.	OFF	{'පුත්තුන්ට', 'හැත්ත', 'පකයෝ', 'තොගේ', 'වේසිගේ', 'තෝ', 'කාළකණ්නියා'}
1346082570232942598	ප්‍රශ්නෙ මේ වේසිගෙ පුතාලාගෙ මොලේ කියන කලඳක් නැද්ද? අනුන් ගැන හිතන්නෙම නැද්ද? 31 යනකොට හැමෝටම කතා කරලා ගියේ.. ඒ හැම එකාම දැන් බයෙන් ඉන්න ඕන.   මට හැදුනට කමක්නෑ. ඒත් මගේ පොඩි එකා, ගෑණි අම්මා තාත්තා,...  නුවර මුස්ලිම් හෝටලේ කවුන්ටර් වල ඉන්න එකාලා මාස්ක් දාන්නෙ නෑ. පහුගිය දවස් වල	OFF	{'වේසිගෙ', 'ගෙ', 'වේසි', 'කියන', 'මොලේ', 'පුතාලාගෙ'}
1171106568076546048	හැම තප්පරයකම යන්න පුලුවන් උපරිම වටේ ගිහින්.. අන්තිමට තාත්තා තමයි මගේ ලෝකෙ වීරයා කියල අප්පට හැමනෙන පට්ට වේසියෝ... ඉන්න රටක් මේක...	OFF	{'වේසියෝ', 'හැමනෙන', 'පට්ට'}
1169576531670134784	@USER  @USER    මුගේ අම්මාට යකෝ හුක්ස්ම්ම්ස්බ්බ්ව්ස්ව්බ්ශ්හ්බ්බ්ස්‍ය්ංඝ්ඩ්බ්ස්ව්ංහ්ව්වව්ඥ්ඦ්ව්නබ්ස්න්ස්ග්ස්ව්ස්බ්ඤක්ස්බ්බ්ස්ජ් ශ්ස්ජ්බ්ස්බ්ඟ්ව්‍ය්සුසිස්ජ්න්ඩ්බ්ංම්ස්ලම්ස්බ්ව්ංජ්ඦහ්ශ්ද්ස්ග්ස්ගව්ඥ්ට්ශ්ඩිඩ්න්බ්ස්ඝ්ස්ජ්ඩ්බ්ඩ්බ්ශ්ශ්ස්ඝ්ඩ්ජ්ඤ්ස්ක්න්ස්න්බ්බ්ව්ඥ්ඟ්හ්ශ්බ්බ්බ්ඥ#####	OFF	{'අම්මාට', 'යකෝ', 'මුගේ'}
1228713941691445249	ටහුකන්ඩ යකෝ ඒ ටික #එකළඟTweet වෙලානේ... @USER  @USER  @USER	OFF	{'යකෝ', 'ටහුකන්ඩ'}
1229820267335122945	මේ වගේ කුණුහරප කියන උන්ව මේ ට්වීටර් එකේ තියන්න හොඳ නෑ එකෙම්ම. මේව යකෝ මල් වවලා තිබ්බ තැන්. මල් මල්.   #මාළුපාන් #ට්‍රිගර්ලන්තේමීහරකා Jerry  @USER  · 18 Feb 2020 මේන්න හුකනෝ  twitter.com/Sapumal_Jaya/s…	OFF	{'හුකනෝ', 'යකෝ'}
1256386562188873728	@USER  @USER  අනේ තෝ හුක මාලි	OFF	{'මාලි', 'හුක', 'තෝ'}
1350831692445962240	@USER කසිප්පු අල්ලපු පොලිසා නන්ද සෙන අල්ලපන්   පොලිසා: තෝ නන්දසෙන් නැගෙන හිර ජැටිය දුන්නද   නන්දසේන : ඔව්   පොලිසා:  තොට ඒකට ගානක් හම්බ උනාද රට වෙනුවෙන්  නන්දසේන : ඔව්   පොලිසා:  ටහුකන්න එකට තමා ට්ටෝ විකුනනවා කියන්නේ	OFF	{'ට්ටෝ', 'ටහුකන්න', 'තොට', 'තෝ'}
1254650428140081152	@USER @USER  මැරෙන්න හැදුවා නේද පාසල් ගන්නවා කියලා	NOT
1410937829375430656	@USER තෝ වරෙන්කෝ ආයිත්  අරක් මෙකයි කියලා ඔපදුප කියාගෙන	OFF	{'මෙකයි', 'වරෙන්කෝ', 'තෝ', 'අරක්'}
1291997707683246080	ලංකාවෙ ඉස්සර දේශපාලන චරිත ගැන කියවද්දි පුදුම වෙන්න එක හේතුවක් තමයි, ඒ අය පොඩි තැනේ ඉඳලා දැන් අපි දකින luxury ජීවිතේකට වඩා වැඩි  සැපවත් කීවිත ගත කරපු එක. බලන හැම කෙනාම Cambridge, Oxford වගේ ඒවටනෙ ගිහින් තියෙන්නෙත්. ඒකෙන් තේරෙන්නෙ ඉස්සර ලංකාව පට්ට පෝසත් වගේම සුපිරි මොල හිටපු රටක්.	NOT
975001022606147585	තෝ නේද මගේ මාළු පාන් එක හොරෙන් කෑවේ URL This Tweet is unavailable.	OFF	{'හොරෙන්', 'තෝ'}
977230994859229184	@USER මොන හුත්තක්ද නංගි කියන්නෙ ? ඔයාල හැමනෙන්න යද්දිත් කොල්ල එක්ක තාත්තා මතක් කරන්ද ඒ වැඩ කරන්නේ.. අපි මේ අද ඊයෙ මේවට ආපු සූටි බබාල නෙමෙ..ඕ වගෙ අම්ම අප්ප මතක් කරං ආවම නැට්ට පුකේ ගහං ..කෝක උනත් කිම්බක් නිසාම දෙකට නැවීගෙන අනේ නංගියො කියන මූකලන් බස්සොත් ඇති..අපි ඒම සූටි නෑ.. ඕකේ	OFF	{'හුත්තක්', 'ගහං', 'හැමනෙන්න', 'ද', 'මූකලන්', 'බබාල', 'සූටි', 'නැට්ට', 'කිම්බක්', 'ක්', 'කිම්බ', 'පුකේ', 'හුත්තක්ද', 'බස්සොත්'}
1053585704834355200	මාව දිරවන්නෙ නැති අද ඊයෙ ඇඩ් වෙච්ච ගොබ්බන්ට කියන්නෙ...  කිම්බ කන්නද ලිස්ට් එකෙ  ඉන්නෙ අන්ෆෙන්ඩ් වෙලා වද නොදී  පලයන්කො හුත්තො	OFF	{'ගොබ්බන්ට', 'පලයන්කො', 'හුත්තො', 'කන්නද', 'කිම්බ'}
1079652999843196928	Possible bloopers   * කිම්බ එලියට දාන්න (කූඩුවෙන්) * කිම්බ ඇතුලට දාන්න (කූඩුවට) * කිම්බ දැන් ලොකුද ? * කිම්බගෙ මයිල් වැවිලා නේද දැන්? * කිම්බ දැකලා බය වුනා (හොරු) * කිම්බට අසනීපයි. * කිම්බ නෑවුවද ? * කිම්බ තෙතයි * කිම්බ අතගානවට කැමතී. * කිම්බ හුරතල්... URL	OFF	{'වැවිලා', 'තෙතයි', 'හුරතල්', 'ගෙ', 'දැකලා', 'අතගානවට', 'දාන්න', 'කිම්බගෙ', 'ඇතුලට', 'මයිල්', 'කිම්බ', 'කිම්බට', 'එලියට'}
1329133696855592961	@USER .පුක  2.පකයා  3.කිම්බ  .4.බඩුව  5.වලත්තයා  6.හුත්තහරිද මන්ද	OFF	{'වලත්තයා', 'හුත්ත', 'පකයා', 'කිම්බ', 'බඩුව', 'පුක'}
1187226469711450112	@USER  @USER    රංජිත් ඔයා වෙන ඕනම කෙනෙක් ප්‍රොමෝට් කරන්න, මම උපරිම සපෝට් එක දෙනව. ඒත් ඔය අලි කිම්බ ප්‍රොමෝට් කරද්දි ඔයාවත් ඒ ලෙවල් එකටම ඇදල අතාරිනව ඇරෙන්න වෙන කරන්න දෙයක්නෑ. සෝ සොරි.  තව දෙයක්, මම තාම මොලේ ශට් ඩවුන් කරගෙන රිප්ලයි කලේ නෑ. වැරදිලාහරි කරන්න පටංගත්තොත් ඔයා කැමති වෙනඑකකුත් නෑ	OFF	{'කිම්බ', 'අලි'}
1142819489366650880	කොල්ලා කෙල්ලට කතා කරන පිලිවෙල බදින්න කලින්.. .*සුදු අම්මී  *මගෙ පන.. .*මගෙ මැට්ටි . *ඒයි. *මේයි.. *උම්ම කොටේ *බබා  බැදල ටික කාලයක් ගියාට පස්සෙ  *ඒයි/මේයි *හුත්තී. *පට්ට වෙසී. *මල්ට්ප්ල්ග් වෙසී *සැමන්ටින් බැල්ලි *මල් පෝච්චි හුත්තී  කාලය මැව් වෙනසක අරුමේ	OFF	{'හුත්තී', 'වෙසී', 'බැල්ලි', 'මල්ට්ප්ල්ග්', 'පට්ට'}
1154641494105571328	@USER ඉතින් හුත්තී වහලයක් තියෙනවා ඒකට	OFF	{'හුත්තී'}
1432554438187573248	@USER අනේ පල හුත්තී තෝ කෑල්ලද	OFF	{'පල', 'හුත්තී', 'කෑල්ලද', 'තෝ'}
1391593899437613062	"මේක ගිහින් බැලුවා!  කොල්ලො ප්‍රසිද්දියේම හුත්තී කියල බයිනවනේ තව කෙලින්ම දාර කුණුහරප කියන්නේ.. අනේ මන්දා ඇයි කියලා.. ඊටත් එහා සමහරු ""අපේ නම් කියන්නෙ නෑනේ"" බබාහ් කියල කමෙන්ට් කරල! ස"" ජනාධිපති උන එක ඉතින් අහන්නත් දෙයක්‍ද   #මාරවැඩේලංකාවටඋනේ BinethTtalks @USER  · 9 May 2021 අපේ රටේ අනාගතේ පුන්චි අපි තමා! තොපි හැදෙනවා  රට නැසෙනවා ඒක ඇත්තමයි"	OFF	{'හුත්තී', 'තොපි', 'කුණුහරප', 'නැසෙනවා'}
1231946078360043520	"*කුණුහරප හටගන්නා ආකාර   (1)ලිංගික අවයව මුල්කරගෙන හටගන්න කුනුහරප(මේවා ඉතිරි කුනුහරප සෑදීම සදහා දායක වේ)   යෝනිය=හුත්ත,කිම්බ  ශිෂ්නය= පක,පයිය  නපුංසක=පොන්නයා  හුත්ත"" ප්‍රාණවාචී කිරීමෙන් ""හුත්තා"" සහ ""හුත්තී""ද, ""පක"" ප්‍රාණවාචී කිරීමෙන් ""පකයා""ද හටගනී..."	OFF	{'හුත්තී', 'පක', 'හුත්ත', 'පකයා', 'පයිය', 'හුත්තා', 'කිම්බ', 'පොන්නයා'}
770462860132646912	මොනවට නැතත් ලෝකයා මොනවා කිව්වත් අපේ ගෙදර බල්ලා ලිහාගත්තහම එයාව ආපහු අල්ලගන්න මාව නැතුව බෑ. -_- හරිය? -_- රෙස්පෙක්ට්! -_- — feeling proud	NOT
877890317969629185	@USER  @USER නෑ නෑ.. බල්ලා..	OFF	{'බල්ලා'}
731183176886964228	අපේ පැත්තේ ගෙදරක තඩී... බල්ලෙක් සිටියේය.. මෙ බල්ලා යන එන හැම අයෙකුගේම ඇගට බුරමින් සපාකන්නට උත්සාහා කරයි..  මෙ ගැන... URL	NOT
817969634599141376	එහා ගෙදර බල්ලා gay කියහන් කෝ	NOT
1175532441932587009	වයිෆ් එක්ක මූවී එකක් බල බල හිටියා දවල්ට කාලා. කොල්ලො කෙල්ලො ටිකක් ගුහාවකට යනවා. ඒ ගුහාව ඇතුලේ වෙලාව යන්නේ පට්ට හීමීට. ගුහාවේ තප්පර දෙකක් කියන්නේ එලියෙ මාස 6ක් වගේ. උන්ටිකට දැන් එලියට ඒගන්න බැරුව ඉන්නේ. අන්‍තිම ටික දෑක්කේ නෑ මට නින්ද ගියා. Netflix එකේ තියෙන්නේ.	NOT
983538662104289280	ඒ සුන්දර කෝල් එක ආවා. නමය හමාර වෙද්දි ලෑස්ති වෙලා ඉන්න වැඩට යන්න. අදනම් පට්ට කම්මැලී.	NOT
902456368652627968	පට්ටම පට්ට තණකොළ උඩ සුදු කකුල් දෙකක්?	NOT
677052237181399040	This -> URL ක්‍රිකට් නිල ඇදුමට ලබන වසරේ සිට වවුචර! පට්ට!	NOT
1430387527903432706	පට්ට Prabhash Jayaweera @USER  · 25 Aug 2021 Happy 30th Birthday, Linux!   අද දවසේ කියැවිය යුතුම ලිපි - 01  URL	NOT
788041933620862976	@USER  @USER කියන්න ඕනෙ නැ බන්. අපි දන්නව . . . . . . . . . . . . . . . . . . . . උබ ගොනා කියල	NOT
1287353776668438528	ඔය අතරේ පැලේ දන්නෙත් නැතුව පැල කාපු අයත් නැතුවම නෙමේ. සමහර සීන් තිබ්බ පැලේ දන්නෙත් නෑ ගොනා දන්නෙත් නෑ පැලේ කැවෙනවා කියල. ( ල යන්නට ළ යන්න දා ගනිල්ල අවස්‍ය තැන් වලට )  සාදු කියන්න පින්වතුනි. Star-Lord @USER  · 26 Jul 2020 ප්‍රසිද්ධියේ පැළ කාපු ඒ යුගය ආයේ එන්නෙ නෑ.  දැන් එකක් පැළයක් කනව දැක්කොත් හැටකගෙ විතර පුක කහනවා.	OFF	{'කහනවා', 'පුක'}
1072895751993393153	@USER අපි හැමදාම ගොනා වෙනවා	NOT
1433335659369058306	@USER මනා සේ දැනගෙන ගොනා සේ හිටපන්. එතකොට හරි.	NOT
923003165611409408	"""පුටුව කඩන් වැටුණු මිනිහට ගොනා ඇන්නා වගේ."""	NOT
568402333719138304	@USER @USER  රෙද්ද කියන්නේ තන්කර ගාමන්ට් එකක්	OFF	{'රෙද්ද'}
1233271844691595264	* මගේ රෙද්දවල් හොය හොය ඉන් නැතුව තොට කිව්ව වැඩේ කරපන් Kanchana Amilani @USER  · 28 Feb 2020 #රෙද්ද #MedievalMemes	OFF	{'රෙද්දවල්', 'රෙද්ද', 'තොට', 'කරපන්'}
1283103906348691456	ජ.වි.පෙට ජන්දෙ දෙන උන් වහල්ලු නෙවෙයි .. මොන කරුමයක්ද මුන් විතරයි උගත් බුද්ධිමතුන් ලබ්බෙ රෙද්ද මේවගෙත් ඇවිත් 3% හැත්ත හානව ..අප්පිරියයි ඕකුන් සෙට් එක	OFF	{'හානව', 'අප්පිරියයි', 'හැත්ත', 'කරුමයක්ද', 'ලබ්බෙ', 'රෙද්ද'}
940268605991657472	රෙද්දේ අප්ඩේට් එකක් යකො මේ ක්‍රොම් එකේ පට්ට ස්ලොව් ...	OFF	{'රෙද්දේ', 'අප්ඩේට්'}
725741218479542272	@USER @USER  අම්මට ******** මුන්ට කවුද බන් චන්දෙ දුන්නෙ... රෙද්ද. මුන් නං අවජාතකයො අම්මපා...  @USER	OFF	{'අම්මපා', 'අවජාතකයො', 'අම්මට', 'රෙද්ද', 'මුන්'}
630052243102760960	@USER @USER  යකෝ කවදද බන් ඔය උබේ අඩොනාව නැති වෙන්නේ	OFF	{'යකෝ', 'අඩොනාව'}
1071613772026994688	"Al වලට කලින් කරපු කෝස් වලට අපි කිව්වෙ, "" කෝස් එක බං "" කියලා  AL වලට පාස්සෙ යන කෝස් වලට කියන්නෙ "" අඩො කැම්පස් එකෙ ලෙක්චර්ස් බං"""	NOT
1409803384287219716	@USER අඩො කඩ ඇරලද ඔක්කොම	NOT
1462726887969411078	@USER අඩො අවොත් කියන්නං සෙට් වෙමු	NOT
630770667298947072	අඩො හනිමුන් අනිවාර්යද බං :/ :/ :/ :/ — feeling අං	NOT
1488522445720264705	@USER  @USER අඩො මටත් ,ආයෙ බොන්නෙ නෑ කියලා දාන එව්වා දැක්කම	NOT
1279300861403918337	කෙලින් ඉන්න බැරිවෙන්න වැදිලත්, අඩො මට වැදුන් නෑ කියන එකෙක් හැම සෙට් එකේම ඉන්නවා	NOT
1255126428720357378	අඩො මන් ටිකකට කලින් ලක්සිතයට මැසෙජ් එකකුත් දැම්මා. පොඩි බබා ගැනත් අහලා.  මොකො කිවෙ කසුන් ,ලක්ශිත ඉන්න පැත්ත ශෙප් ලුද	NOT
1352585119119396873	@USER  @USER අඩො ගෙම්බා එක්ක සජියට බයින්න එපා හරිය	NOT
1092768878017433600	@USER  @USER  අඩො ඒක පට්ට	NOT
889813392529264641	අඩො මෙකෙත් පොඩි මෙවුවා එකක් තියනවා නේ...   ගාවින්ද, Sampath  URL	NOT
1129685522320773120	@USER අඩො Bucket ටික සුපිරි	NOT
755826071384170496	අඩො බල්ලාට පිස්සුද අපිට පිස්සුද මු ඔටො චුන් වෙනවා නේ󾌴󾌴󾌴 URL	NOT
1247232403174612993	අඩො මෙ කාලා ටිකක් ඉද්දි ආයෙ මොනා හරි කන්න හිතෙනවා ඔයි	NOT
1471216111613927425	@USER  @USER අඩො නො දර්ශනය අයියා ලෙෆ්ට්..	NOT
1229361457021804544	@USER අඩො එ් අයිටම් එක	NOT
1334342775219736576	අඩො බොසා  මං වනසා ඉන්න බෑ ඉවසා දෙනවා ගුටි වරුසා  #ටෙනිසන්කුරේටෝක්ස්	NOT
568692410152153090	"""උබ ඉතිං දැං ඇරෝ ගන්ඩ හදන්නෙ""  ""අඩො සීසං ත්‍රී ද, පෙන් එක දෙන්නං ගෙනත් දෙනවකො""   Yesterday class."	NOT
682521283897114624	අඩො ශෙයාර් කරන්නම හිතුනා බන්... මේක දැක්කම හිනා කාලා මැරෙනවා !!! :D :D :D URL	NOT
853908370570358784	@USER අඩොහ් ගලක් බෙල්ලේ බැඳන් ගඟක මුහුදක පැනලා මැරෙනවා ඕයී තෝ වගේ ළමයෙක් හදනවට වඩා..  @USER  @USER  @USER  @USER	OFF	{'මැරෙනවා', 'ඕයී', 'තෝ'}
1238974163341021184	අඩො උබ ගාන ක්‍රීම් එක මක්කෙයි දවාස ගානෙ සුදු වෙනවනෙ බම්  The WITCH @USER  · 14 Mar 2020 U make my soul smile...!!!	NOT
1432301892202385411	අඩො තව medal එකක් නෙ  #Paralympics #Tokyo2020	NOT
1148155256783560704	අඩො හැපී කේක් ඩේ  @USER   #LKBDays	NOT
590428968416890881	මම අඩ වැඩට එද්දි කපල් එකක් පාලමෙන් ගගට පන්නා මටන්ලා..  නාන්න...   අඩො මම නාන එවා බැලුවෙ නැ හරියෙ....	NOT
1279300861403918337	කෙලින් ඉන්න බැරිවෙන්න වැදිලත්, අඩො මට වැදුන් නෑ කියන එකෙක් හැම සෙට් එකේම ඉන්නවා	NOT
652889512402485248	@USER @USER  අඩො සැර්ලොක්.  සල්ලි පස්සෙ තමා බං අපි බල්ලො වගෙ දුවන්නෙ සිහ්	NOT
1117315999970332672	@USER අඩො වන්නියා නේද මේ.. කොහා වගේ ඉදන්	NOT
1306038491717935105	@USER අඩො උබට ගහන්නද කොස්ස අරං අවෙ	NOT
1384834495430291457	අඩො මචං වයි බන්ග්  දෙවන්ත පීස් එකපාර මා මරන්න  ⒶⓈⓣⓡⓐ ツ @USER  · 21 Apr 2021  @USER	NOT
1242058243309842436	අඩො අපි මහරගම බොඩරෙ කියපු එකෙක් ආන් ගලගමුව පැත්තෙ ඉදන් ස්ටොරි දානවා මය් විලෙජ් කියලා	NOT
1488156378032066564	@USER  @USER අඩො මන් ඉතුවා එකිම ඇරලා කීලා	OFF	{'ඇරලා', 'එකිම'}
1416771950236549123	@USER  @USER @USER  අඩො අපි වෙන ඉස්කෝලක බිග් මැච් එකක්ද දන්නෑ බලල තියෙන්නෙ	NOT
615004628275433472	@USER @USER  මට ෆොටො එකක් ගාන්න ඕනේ , අඩො  @USER  මේන් මේන්  @USER	NOT
788318316347523074	අඩො අඩො මෙ දවස්වල වලවල් කපන්නටත් බා වස්සානය එනකම් හිටියා .පායනව ප්ට්ට යන්න	NOT
1488522445720264705	@USER  @USER අඩො මටත් ,ආයෙ බොන්නෙ නෑ කියලා දාන එව්වා දැක්කම	NOT
1410507439112290310	@USER අඩො මේක දකිද්දී දැක්කෙ . ඇත්තටම එහෙම එකක් දැක්ක කියපන්කො. කාගෙද බයෝ එකක . මොන වගේ කෙනෙක්ද කියල හිතාගන්ඩ . ලංකාවේ නෙමෙ ඉතිම් .සල්ලි ගෙවන්න ඕන	NOT
693060494362550272	@USER @USER  @USER  හා හා අඩො ඉස්සර ඌ කඩෙ ගියා තමා බන් ඒ උනාට කෙලින් ක්තා කරපු එකෙක් ඌ . දැන් නිකන් බටර් පාන් කන එකෙක් වගෙ නෙව්	NOT
573793931051188224	@USER @USER  අඩො මතකනෙ එදා Nirvana කිව්වම එකෙක් කියාපු දේ ? No point ban ! Miley හරි nikki හරි කිව්වම නම් උඩ පනියි	NOT
612994501968138240	අඩො පවු වැඩෙ .....ඉල්ලන් කනව කියන්නෙ ඔකට — playing 8ball pool	NOT
1140466455172935681	@USER  @USER    අඩො ගුට් ඕනඩ	NOT
725145094265929729	කාට කාටත් කියවේ අඩො මෙක පට්ට	NOT
1357608852959596544	නිල් හෙල්මට්: යකො ඔතනින් වමට වමට.. කලු හෙල්මට්: ටහිකෙ.. කලින් කියන්ඩ එපැයි බුරුවො, හිටපන් කකුලෙන්වත් හරවන්ඩ නිල් හෙල්මට්: අඩො ඔන්න රාලහාමි.. කළු හෙල්මට්: අම්මට...හිටහන් වෙට්ටුවක් දාල ගන්ට කනේ වැලිගෑවෙන්ඩ.. නිමෙශයකට පසු...සොත්ත පොච්ච  සැන්ඩි @USER  · 5 Feb 2021 මේවානේ යකෝ ටික්ටෝක්	OFF	{'සැන්ඩි', 'සොත්ත', 'ටහිකෙ', 'අම්මට', 'පොච්ච', 'බුරුවො'}
783689400983007233	@USER අඩො වලියට එන් එපා හරිය	OFF	{'වලියට', 'අඩො'}
1202254802211737603	@USER ,  @USER  @USER අඩො මට බයයි බන් උම්බට මානසික රෝගයක් වත් වැලදීගෙන එනවදෙයි කියල	NOT
746633440603181056	අඩො රනිල් එත් අල්ලන් ඉන්නේ මාමාගේ ....  නේ 󾌴󾌴󾌴  හා දැන් මම හෙන වාලත්තයා.. URL	OFF	{'වාලත්තයා', 'හෙන'}
644314097698369536	අඩො උඩෙ පාන්ඩර ලොල්ලො වගෙ මුසලෙ ඩන් ඉන්න එපා හු•තො අහෙම ඉන්න තොපිට කැඩත් න්හැ අහෙම ඉන්න තොපිව ඩකින අපිටත් කැඩත්... URL	OFF	{'තොපිට', 'ලොල්ල', 'මුසලෙ', 'තොපිව', 'හු•තො', 'ලොල්ලො'}
1484721952560664578	@USER ,  @USER  @USER අඩො අයියෙ ඊයෙ මොනාද විකුන්නෙ	NOT
1214531501737463808	අඩො, ඔබ, බං, මචං, හුත්තො කියලා  වැඩිමල් අයට කතා කරනවා නම්  අහන්න දෙයක් නෑ 2000 පස්සෙ තමා	OFF	{'අඩො', 'හුත්තො'}
627906633763454976	@USER @USER  අඩො මොකද අර photo වල  @USER  ගේ gf ගාවම ඉන්නේ ඈහ්..සචීධිකරණයෙ නඩු වැටෙයි ඈහ්හ්.. :P	NOT
1298334566126510080	අඩො අර #මලවැලී දැක්කෙ නෑ ගොඩ කාලෙකින් මැරිලද දන්නෑ	NOT
1050736234018951168	@USER  @USER අඩො සිරාද කියන්නෙ මේ දවස් වල වත මිලින වෙලා ඒකයි සීන් එක	NOT
1418021429518356490	අඩො හැපී බර්ත්ඩේ රැක්ස්  @USER   1	NOT
1280053964537335808	@USER අඩො මාත් ගත්තා සෙනසුරාදා  ඔහොම එකක්	NOT
1324236190611087360	@USER  අඩො මොකො එක්සෑම් ??	NOT
1329323460623908864	අඩො ලස්සනයි බොක්ක..කොයි කලෙද මෙක ගත්තෙ.. @USER	NOT
706333016629444614	@USER @USER  අඩො එහෙනෙම් හොදයි නෙහ්. ඕවා ලියාගනින් අපි film ගහමු.	NOT
750557224473391104	අඩො මාමා පව් යාකූ! 󾌴 URL	NOT
1063813944643440640	-අඩො අලුත් මුකුත් නැද්ද ? +තියෙනවා .. තියෙනවා .. සුපිරම එකක් - local ද? කියද? +local නම් තමා.. ග්‍රැම් එකක් රුපියල්  48 000 -මොකද යකෝ ඔච්චර ගණන් ?තනමන්විලද ? + නැ නැ පොලොන්නරුව .. අපෙ ජනාධිපති තුමාත් ගහන්නෙ මෙකලු දැන්	NOT
624664860379361280	@USER @USER  @USER  @USER  අඩො මම දැන් මූව දැක්කෙ... පට්ට ඔයී	NOT
1462391255833497607	@USER අඩො බයක් එනව . ඒත්	NOT
719040292016369664	@USER @USER  අඩො කෝහා ලවා ගස්සනව ඩෝ	NOT
1229765346980253697	@USER අඩො අපි සෙට් එක shifts බෙදාගෙන කරමු, නැත්තම් ඔක්කොම එකට කරමු.. අඩුම පැය තුනක් ශුවර් රෑට.	NOT
1226017842157326336	අඩො උඹ අලුත් සෙරෙප්පු දෙකක් අරන් නෙ  කොහෙන්ද බං?  අද පෝයනෙ බං   මං පන්සල් ගියා  #පෝයවයිබ්ස්	NOT
1455347812229685261	@USER  @USER අඩො වරදක් උනානම් සමා... ආදරේටනේ ඔච්චම් කලේ...	NOT
1218196445376995329	@USER අඩො මචං නැද්ද බං දිරච්ච ලනුවකුයි කල් ඉකුත් වෙච්ච වහා බොතලයකුයි ගන්න...	NOT
1363576860236414976	"කෙල්ලෙක්ගෙ එකක් ලීක් උනොත් : ""අඩො උඹලට අම්මල නංගිල අක්කල ආච්චිල නැන්දල පුංචිල ලොකුඅම්මල නැද්ද"" කොල්ලෙක් ලීක් කර ගත්තොත් : ""අපෝ ලීක් කර ගන්නෙ නැතුව ඉන්ඩවත් දන් නැති ගොබිලෙක්නෙ උඹ""  කෙල්ලොන්ට නම් : ""Respect Women"" කොල්ලොන්ට නම් : ""අඩෝ ගෝතයා"""	OFF	{'ගෝතයා', 'ගොබිලෙක්නෙ', 'අඩෝ'}
646016986695122944	@USER @USER  එල එල.. අඩො අනිත් අයට ඇඬෙන්න උඹ අඬපන් ඇහ්.. මගේ මරණෙට අඩන්න කවුරුත් නැති වෙයි මං හිතන්නේ..	NOT
1122346633541378049	අඩො කාලය යන ඉක්මන නිකං අද ඊයෙ උනා වගේ	NOT
1207300762574962688	අඩො මාත්. උ යුඇන්පු නිසා නෙවෙ. පොර මල ජරාවක් නිසා.  මහින්දානන්ද ගෙ කේස් එකත් බලලා සාදාරනයක් වෙන්න ඔනෙ එ ට්‍රැෆික් ඔඅයිසි ට.  ඉන්න 225 වැරදි තියෙන හැම එකාටම.  නාමයොජනා දෙන දවස වෙනකනුත් බලන් ඉන්නෙ.  ජාතික ලැයිස්තුවේ න් පාර්ලිමේන්තු එන සෙට් එක දිහාත්.  මෙ අවුරුදු 5න් රට හැදෙන්න ඔනෙ. Ravi Yasas @USER  · 18 Dec 2019 රාජිතයා ගත්ත දවසට ගෙදර මල්වෙඩි දානවා, ඉදපන්කෝ	OFF	{'ජරාවක්', 'මල'}
1238807593415397376	@USER  @USER අඩෙ කරා යකො. අඩො මන් උබට විශ් එකක් දැම්මානෙ.  90%ක් ශුවර්.	NOT
1269648833522393089	ආස නැද්ද ඉන්බොක්ස් ඇවිත් මගෙ අඩො වැඩියාව අහන්න	NOT
852919026531618816	අඩො  යකෝ මගේ වෙන ෆොටෝ එකක් අර නමිල අය්යගෙ වගේ එඩිට් කරල දාපංකො   Love you all. Shami. @USER  · 14 Apr 2017 .@USER සමඟ නැමුණු @USER අක්කට සහයෝගය දුන් අපේ පුංචි බයිට් එක ජාත්‍යන්තරයට ගෙනගිය ඔබ සැමට අපගේ ප්‍රණාමය #TeamNamila #නමිලසමඟනැමෙමු	NOT
1449048808281673732	@USER අඩො මන් එච්චරට ගොන් වැඩක් නම් කොලෙ නෑ බලන් යනකොට ගොන් එකෙ අල්ට්‍රා ප්‍රො මැක්ස් නෙහ් උබ ,මන් දුක් වෙන්නෙ මය වියදම් උන කාඩ් සල්ලි ගැන	NOT
906796180952293376	@USER  @USER අඩො ..  අපිස්‍රීලන්කන්බ්‍රො ?	NOT
857231108735356928	@USER  @USER පින්සිද්ධ වෙනවා... !!   අඩො.. මූ ඕකෙන්ම ලියුමක් ටයිප් කරල සියදිවි නසාගත්තොත් මල ගෙදරදි සෙට් වෙමු අහ්..	NOT
945373074815250432	අඩො  @USER  Song Request එකක් තියෙනවා....කියනවද...	NOT
626095629630967808	@USER @USER  ඇහැ.. අඩො මගෙ ගාවට එද්දි සෑහෙන්න තිබුනනේ..  @USER  @USER  @USER	NOT
1460531838603055104	@USER අඩො අඩො ඔයා එහේ නේ? මන් ඔය පැත්තට නෙවේ හැබැයි. මන් මේ ගාල්ලට ආවා අක්කෙ	NOT
930248232780775425	@USER  අඩො හම්බයා  ( උබට ගොඩක් උන් ආදරේට කියන නම) හැපි බර්ත් ඩේ. කොන්ඩෙ ගොතන, පුක ලොකු කෙල්ලෙක් හම්බුවේවා කියලා පතනවා...	OFF	{'හම්බයා', 'අඩො', 'ලොකු', 'පුක'}
1387663930273636352	නින්දයාගෙන එද්දි උදේ පාන්දර කෝල් කරලා පෝම් එක අන්සවර් කරාම අඩො මොකද උදේම ඇහරලා කියලා අහන්න පුලානුත් අංජනයටම තමා	NOT
760087749328187392	අඩො දැන්නෙ live දැක්කෙ මාර crowd එකක් එක්කනෙ මෙ ජන රැල යන්නෙ හිනා කාලා මැරෙනවා	NOT
1473206716376358914	@USER @USER   ඩොලර් ටිකක් අරන් තියාගත්තා කියලා වගෙ එකක් දැක්කා    @USER අඩො බැංකුවෙන් ඩොලර් ටිකක් ඔනෙ	NOT
1352435442658938883	@USER ,  @USER  @USER අඩො මම් නම් බය උන් නෑ හරිද	NOT
811977112286466048	@USER අඩො කැ.×යා. තො මට අරන් දුන්නෑ #KP. #WP  @USER	OFF	{'තො', 'අඩො', 'කැ.×යා'}
639734949432721408	@USER @USER  අඩො බොරු කියන්න එපා හ්ලො....:-( කොහෙද ඉතින් ඔයාලා අවා කීලා මට අගවන්න ඕනා........මගේ කන ඇහෙන එකක්‍ යැ......:-D	NOT
780985047247618049	"අඩො මට සක්කරය සෙට් උනා ෆුඩ් සිටියෙදි..පොරට බඩේ අමාරුවක් ඇවිත් ""රාජපුර පංචබල අමෘත පානෙ "" හොයාගන ඇවිත්.."	NOT
840262998673436672	@USER  @USER අඩො  යෙහනි නෙවෙයි යොහනි  මගෙ ක්‍රශ් එක	NOT
680575581210062848	@USER @USER  අඩොහ් සීඩ් මරලා හන්ගනවා යකෝ..මගේ සාරුක්ට අනම් මනම් කියන්න එපා	OFF	{'මරලා', 'යකෝ', 'හන්ගනවා'}
575324389933191168	අඩො සිරාවටද :o නොදකින් URL	OFF	{'නොදකින්'}
1428742512898809873	@USER ,  @USER  @USER අඩො මු කැත කතා කියනවා බන් මොඩ වදුරා..	OFF	{'අඩො', 'මොඩ', 'කැත', 'වදුරා', 'කතා', 'මු'}
1078961182566899714	@USER ඇත්ත කියපන් උඔ උබේ කෙල්ලට ඔහොම කතා කරන්නේ කවදා ඉදලද... ඇහුනොත් ඇහුනේ.. පලයන් යන්න අඩො.. කියපිය වගේ වචනනේ උඔලා දෙන්නාගෙන්..	NOT
1480916782605033474	@USER ,  @USER  @USER අඩො ඉතුරු කරන් නැ ගෙරි වඳුර	OFF	{'ගෙරි', 'අඩො', 'වඳුර'}
621014484040036352	@USER @USER  අඩො සද්දෙ බලපන්කො :D  යකඩ ගෑනු... :v	NOT
582751643357323265	අඩො පට්ට සිද්දිය  ඊයේ බගතලේ මරු ජෝන් හීනෙන් දැක්කා කියාන්කො ඒ බය උන පාර උදේ වෙනකම් නින්ද ගියේ නැ	NOT
713700183645642752	@USER @USER  අඩොව් රැපට සෙට් වෙච්චා බොඩ් කැල්ලක් ගහන් පලයන්	NOT
642163226315112449	"@USER @USER  නැ නැ ""අයියෝ.... හැම....නේනවා...""   අඩො මේ අපේ එකෙක්ගෙ දුකෙන් ආතල් ගන්න එපා බන්"	OFF	{'හැම....නේනවා'}
716152625314603008	අඩො හැපි බර්ත්ඩෙ එකක් වෙවා...    @USER	NOT
1280166997121093632	@USER අඩො සුපිරි ෆිල්ම් ටික හරිද...   වැඩියෙන්ම හිතේ රැඳුනෙ අර එකෙක්ට චීන කටු චිකිත්සාව වෙලාවෙ භූමිකම්පාවක් ඇවිල්ලා වෙන සිද්දියට	NOT
1291964651983388672	තරහක් ආපු ගමන් 1-10ට හිතින් ගණන් කරගන්න.මේ තරහේ අවසානය මොකද්ද කියලා හිතන්න ඇත්තටම කිව්වොත් අවසානයේ ඇත්තේ වේදනාව විතරයි රාගය-කුණු වෙලා යන දිරන ශරිරයක් එක්ක අපි කරන ගණුදෙනුව ඇත්තටම තාවකාළික තෘප්තිය. ලැබෙන දෙයක් නෑ මෝහය-අද කාපු කේක් කෑල්ල ඊයේ කාපු එකට වඩා රහයි කියලා නොහිතා ඉන්න	NOT
1060009504069173248	"මායි හම්සයි එක ඔපිස් එකේ වැඩ කරද්දී පොඩි සෙමින එකක් තිබ්බ. පිටින් කය්ටිය ආව. ඒකට ලස්සන මුස්කිම් කෙල්ලෙක් ආව. මම හම්සට පෙන්නුවා ""අඩෝ අර තම්බි කෑල්ල පට්ටනේ"" කියල.. මූ කියාපි   ""හු^^ටෝ ඒ මගේ අක්කා"" කියල   #මතක"	OFF	{'හු^^ටෝ', 'අඩෝ', 'කෑල්ල', 'පට්ට', 'තම්බි'}
1447183475841269760	@USER තොට විෂ් එකක් එන්වා මම	NOT
1322791761148735488	@USER ,  @USER  @USER තොට මුළු සර්වාංගෙම පල	OFF	{'පල', 'මුළු', 'තොට', 'සර්වාංගෙම'}
919937808847970304	තෝ දැනගනිං නාකියා තොට මං කරන දේ -  නාමල් සුමනදාසට සුද්ද සිංහලෙන් අමතයි URL	OFF	{'දැනගනිං', 'තොට', 'තෝ', 'නාකියා'}
799280543003242496	පුවක් ගෙඩි 10ට මුන් මෙහෙමනම් පොල් ගෙඩි 10ක් නම් කොහෝම තියෙද? ලැජ්ජයි යකුනේ තොපි ගැන Use & like Page # Agalawatta... URL	OFF	{'යකුනේ', 'ලැජ්ජයි', 'තොපි'}
802532017778794496	මම කිව්වොත් 'මි' කියන්න අපි කිව්වොත් 'මු' කියන්න තෝ තා තී 'හි' කියන්න තොපි නුඹලා 'හු' කියන්න	NOT
1293497161590554624	@USER දේශපාලනය අදාල නෑ. අවජාතක වේසිගේ පුත්තුන්ට කොහෙත්ම අයිතියක් නෑ මාලිගාවට පුක පෙන්නලා ෆොටෝ දාන්න.. පටන්ගත්ත නැතම ඉවරයි....මුන්ටම පුකදෙන සක්කිලි චීවරධාරියෝ ඉන්නවානේ. පක්ෂය අදාල නෑ. තොපිටනම් හොඳක් වෙන්නේ නෑ.	OFF	{'පුත්තුන්ට', 'සක්කිලි', 'අවජාතක', 'තොපිටනම්', 'හොඳක්', 'පුකදෙන', 'වෙන්නේ', 'වේසිගේ', 'පුක'}
1132181934187077633	මේ මොකක්ද යකෝ තොපිට ඡන්දෙ දෙන පුරවැසියන්ට තොපිට විරුද්ධ වෙන්න බැයිද.. ඇමතිල මන්ත්‍රීල කියල පක්කොද හෙන  @USER  @USER  @USER  @USER  @USER  @USER  @USER  @USER	OFF	{'තොපිට', 'පක්කොද', 'යකෝ'}
1442981092772909068	#Dubai 2:31 am. ලංකාවේ තොපි හීන දකිනවත් ඇති. අපි ගියා ඈ...Good Night	NOT
970131825094881280	ස්පොඉල් කරන්න එපා යකෝ. තාම කූබියෝ බැලුවෙ නෑ	NOT
680636486975406080	@USER @USER  යකෝ එහෙමත් හොරු ඉන්නවද බන් :D	NOT
1380355669212078089	අප්පද බොල... මේක යකෝ  කතානායක ඇන්ඩ්ස් දි ෆැමිලි   Suratha @USER  · 8 Apr 2021 කථානායක කාර්‍යාලය.. & Family	NOT
713786335622860800	යකෝ මාරම කරුමයක් බන් මුන්ට තියෙන්නේ. අපිට කෙල උනාම මුන්ටිකට නිකන්ම කෙලවෙනවා. තනි මෙව්වා එකට මෙව්වා වෙනවා බන් URL	NOT
897837663989805056	@USER  @USER යකෝ මේ බලාල්ලකෝ...... මේකේ පොඩි උන් එහෙමත් ඉන්නව මේ මම වගේ	NOT
993496665993728000	@USER මොනවද යකෝ මේ හෑස්ටැග්..  ගාලු හංදියේ තඩිපස්ස	OFF	{'යකෝ', 'තඩිපස්ස'}
878452821808381952	තඩි බඩ හා ක‍්‍රිකට් අතර සම්බන්ධය ස්ලිම් ෆිට් දයාසිරි කියයි.. URL	NOT
903282837075279872	ඔව් යකො බිලා ඉන්නෙ..පොඩි අඩියක් ගහූව තනියම...තඩි උනත් cute අය ඉන්න්ව	NOT
735786466421276673	කරදරකාර වාහන තදබදයට විසඳුමක් ලෙස තඩි බස් රථයක් පැමිණෙයි URL	NOT
1075040149665443843	මාත් දානො තඩි ඉබ්බෙක් Profile එකට   හුම්ම්	NOT
736556222808133632	@USER ඒක ඇත්ත. ඒත් මේ ජරා කෑම කඩ වලටත් ඒ නම දාන එක හරි නෑ.මාතර කෑම වලට තියෙන නම කැත වෙනවා :)	OFF	{'ජරා'}
1345814156927123456	@USER කැත වුනත් ඔච්චරයි මෙයා..	NOT
1295548654598541312	@USER ,  @USER  @USER යකෝ මෙකේ ගෑනුන්ට මොකද වෙලා තියෙන්නෙ?  එක්කෝ කැතයි කියලා  මැරෙන්න හදනවා.  නැත්නම් boot කෑවා කියලා මැරෙන්න හදනවා.  හිනාවෙලා ඉඳපල්ලා කෝ අපි වගේ!	NOT
1229432680233783297	මචං සෝනා , අහිංසක කොල්ලොන්ගේ ජීවිත විනාශ කරන්න එපා. ඕවා හෙණ කැත වැඩ.. ජරා වැඩ කරන්න එපා අයිසේ. SS ගහල ට්වීට් දාල විනාශ කරේ අහිංසක කොල්ලෙක්ව නේ  @USER	OFF	{'හෙණ', 'වැඩ', 'කැත', 'අයිසේ', 'ජරා'}
1133771778185019398	මේකප් වලිං උපං කැත මකන්න බෑ.. දුවන මීටරේ @USER  · 29 May 2019 ජීවිතේට මේකප් එකක් දාලා නැත්තෙ මන්  විතරද?	NOT
871689597004255234	@USER එම කියන්ට බෑ නේ කවුද දන්නේ නාකි වුනාම අන්කල්ස්ලාට ලුස් වෙනවා ද කිලා	NOT
988031731969081347	අද හවස පේන්ටියක් ගහන්න ඉදිආප්ප ආන්ටිගේ පොට් එකට ගියා. එතන නාකි බුවෙක් ඉදිආප්ප වක්කරනෝ.  මට ගෙනද් දීපුව ලමයෝ කියලා ඇන්ටි කොකිසකුයි කැවුමකුයි මට දුන්නා.. ඉන් පස්සේ නාකි බුවාටත් දික් කලා.. පොර තරහින්..  මට ඕන් නෑහ් කීවා.  පුහ් නාකිය උනත් බලන්නෙපැ ඉරිසියාව..	OFF	{'බුවෙක්', 'බුවාටත්', 'නාකි', 'නාකිය', 'පුහ්'}
1086002600506466307	@USER  @USER පිස්සු නාකි හුචක්කුවක් බන්	OFF	{'බන්', 'නාකි', 'හුචක්කුවක්', 'පිස්සු'}
1266776515464683520	@USER ,  @USER  @USER ඕවට ඉඩ දෙන විධායකයට හෙන ගහන්න ඕනෙ හෙන.. මුන්ව ඇතුල නොදා මේ වගේ දේවල්වලට ඉඩ දෙන එවුන්ට.. උන්ට කඩේ යනට නාකි පඩංගු කියන දේවත් නාහා මේවට ඉඩ දෙන පඩත්තල සක්කිලි බලය ඇති නායකයින්ට හෙන ගහන්න ඕනේ	OFF	{'ගහන්න', 'සක්කිලි', 'නාකි', 'පඩංගු', 'හෙන', 'ඕනේ', 'පඩත්තල'}
1318017457785720832	+ මැසේජ් සීන් වෙන්න පරක්කු     මොකද ?  - තමුසෙ ආදරෙ මනින්නෙ මැසේජ්     වලින්ද ?  ඕකවත් අහලා නැත්තන් අන්ප්‍රෙන්ඩ් වෙයන් බං !	NOT
789766271122276352	lanka C news | ලංකා සී නිවුස් | ‘තමුසෙ හොරෙක්’.. ‘තමුසෙ පල් හොරෙක්’.. කැබිනෙට්ටුවේ සහජීවන ගාලගොට්ටි.. URL via  @USER	OFF	{'හොරෙක්', 'පල්', 'තමුසෙ'}
1477535568238034947	බස් එකේ හිටිය කෙල්ල කීවා තමුසෙනං හෙන මොඩයෙක් කියලා ඇයි බං මං මොකුත් කලේ නෑනේ අ	OFF	{'තමුසෙනං', 'හෙන', 'මොඩයෙක්'}
949558207554445313	"""තමුසෙ මහ කැත වැඩක්‌ කළේ , මම තමුසෙගෙ තරු ගලවනවා"" ස්ථානාධිපතිගේ කමිසයෙන් ඇද තර්ජනය කළ ජවිපෙ මන්ත්‍රීවරයාගේ... URL"	OFF	{'තමුසෙගෙ', 'තමුසෙ', 'මහ', 'කැත'}
1391657984502161408	"මගේ යාළුවෙක් ලයිෂන් එක ගන්න ගිහින්. ට්‍රයල් පෙන්නනකොට එක පාරටම  එක්සැමිනර් "" ස'...  ස'... "" කියල කෑ ගහලා. යාළුවා ට්‍රයල් එක ෆේල් කියලා හිතලා වාහනේ නවත්තලා බහින්න හදනකොට එක්සැමිනර් කෑ ගැහුවලු.  'අයිසේ රිවර්ස් කරන්න කිවුවම මොන මගුලක්ද තමුසෙ කරන්නෙ' කියලා"	NOT
1175228544001204225	නිවාඩු දවසට සැපට නින්ද යන්නෙ නැතුව..  වැඩට යන්න තියෙන දවසට සැපට නින්ද යනවා..  නිදිමත, තමුසේ ඇයි අයිසෙ මෙහෙම පිස්සෙක් වගේ හැසිරෙන්නේ..	OFF	{'අයිසෙ', 'පිස්සෙක්', 'තමුසේ'}
1213017626940624896	@USER ,  @USER  @USER අයිසෙ චාලි චැප්ලින් තෝ කොහෙද	OFF	{'අයිසෙ', 'තෝ'}
1283702962301198337	අයිසෙ යසපාල, මෙව්වා කැ* වැඩ අයිසෙ Supun Tharaka @USER  · 16 Jul 2020 රු 1000ක් කියලා ඇහිදලා සක්කුවෙ දාගෙන ගෙදර ගෙනාවෙන් පස්සෙ දැක්කේ.. කවුද යකො මෙවා පාරෙ හලාගෙන ගිය එකා	OFF	{'අයිසෙ', 'එකා', 'වැඩ', 'යකො', 'කැ*'}
1203394801191792641	හතර හිනා! විද්දෙ පදුරට වැදුණෙ කොහෙවත් හිටපු ගෙම්බෙක්ට. @USERෙයි මගෙයි කතාවක් කියපු ගමන් තවත් එක්තරා extremely poor soul 1ක් trigger වෙලා 'අයිසෙ කියන දෙයක් මූණට කියනව' කියල text කරා. පව් ඉතින් සුවීයි මායි එයා ගැන කතා කරනව කියල හිතන් ඇති. මේක වෙන interesting කතාවක් මෙයා	OFF	{'අයිසෙ', 'ගෙම්බෙක්', 'මූණට'}
1014208876755935232	අයිසෙ ට්විටර් එකේ දැන් මාර පොලිටික්ස් නෙ තියෙන්නෙ	NOT
910355310174498816	ටහුඩු tweets 1000ත් පැනලා... දන්නෙත් නැතුවම. #1000tweets	NOT
1331659949936570369	ටහුඩු යකෝ උට දෙවෙනි නමකුත් තිබ්බද  Supun Tharaka @USER  · 25 Nov 2020	OFF	{'හුඩු', 'යකෝ', 'ට'}
1176831320858587136	ටහුඩු.. Mr Marvellous @USER  · 23 Sep 2019  @USER@USER	NOT
881888674014613505	@USER ටහුඩු.. කවි කියපු පොර නේ..	NOT
1452676630908792833	බුල්ගරි මොන්'බ්ලාන්ක් ජිවොන්ශි කහ්ටියේ ශනෙල් ජෝර්ජො අර්මානි ලුයි විටොන් යිව් සන් ලොහන් ටහුඩු ප්‍රෙන්ච්ස්	NOT
1462391255833497607	@USER අඩො බයක් එනව . ඒත්	NOT
1358419471476482051	අඩො මොකෙක් හරිමන් ෆලො බැක් දීපු එකෙක් අන්ෆලො උනා , පොඩ්ඩක් බලපන් කවුද කීලා ඒ	NOT
576382660223762432	@USER @USER අඩො.. ඕක හදන්න නම් එපා.. මං ගානේ උඹට හොඳ හෝටලෙකින් කන්න අරන්දෙනව අනිවා..	NOT
613349247208030208	අඩො අදත් පැන්නා කියහන්කො අපෙ කෙජි පොට් එකට පොලිසියෙන් හම්මේ  වෙලාවට බඩු නැති නිසා බේරුනා :/ :/	NOT
1417110775957651458	@USER අඩො පම්කයා බැන්දාද කිව්වේවත් නෑ..   @USER  හෙන ගහානවා බොට	OFF	{'බොට', 'අඩො', 'පම්කයා', 'හෙන', 'ගහානවා'}
1485509741682241539	@USER අඩො සිරා ඒක නම්	NOT
814367310345596928	හොරා- අඩො! නැවතියං මිනිහා- පලයං බං හො- කියනදේ අහපං මෙක පත්තු වෙනවා මී- පලයන් හු*%$ යන්න අපේ ගෑනි කෑ ගහනව ගෙදර... URL	OFF	{'අඩො', 'ගෑනි', 'පලයන්', 'නැවතියං', 'හු*%$', 'බං', 'පලයං'}
847005307570180096	@USER ටෞකන්ඩ කොහෙන්ද බන් ඒක .. අඩො මටත් දියන්	NOT
1436923132711899141	@USER  @USER අඩො බං, නෝම්බි අල්ලන්නත් කියයිද දන්නෙ නෑ!	NOT
1088124760460947456	@USER අඩො මට පට්ට කිව්වට කමක් නෑ අරූට කියන්න එපා	NOT
770749104645296128	අපෙ සෙට් එක කොහෙ හරි ගිහින් ආවම--අඩො ඔය පොටො එක දන්න එපා බන් ඔකෙ මන් කැතයි. -_-	NOT
1367493637119086596	@USER ,  @USER  @USER අඩො විහිලුවටත් කියපන් ,ඔයා කියන කෙනා ගැන තමයි මාත් කියන්නෙ කීලා   ගෙම්බා හෙන ගේමක් දෙනවා ඌත් දන්නවා කීලා පෙන්වන්න	NOT
809742559866036224	අඩො මන් හ්‍ර්න කැමති මිනිස්සු ගොඩක් ඉන්න තැනකට ගිහින් සෙරම දිහා බලන් ඉන්න,	NOT
1451506116609732614	@USER @USER  අඩො බලහන් මේ මූන දැක්කම උඹව මතක් උනේ .	NOT
1222032193565970432	@USER අඩො මතකයිනෙ නෙස්කැෆේ මැෂින් එක මම දෙනෝ	NOT
626486972031172608	@USER @USER  අඩො උබට  @USER  නැතුවම බෑ නෙ..පව් බන් ඌට ඉන්න දීපන් පාඩුවෙ	NOT
899287887652556800	@USER  @USER අඩො උඹ අද සීනී 500 ක් අරන් කලුබොවිල හිටිය ද ?	NOT
1449048808281673732	@USER අඩො මන් එච්චරට ගොන් වැඩක් නම් කොලෙ නෑ බලන් යනකොට ගොන් එකෙ අල්ට්‍රා ප්‍රො මැක්ස් නෙහ් උබ ,මන් දුක් වෙන්නෙ මය වියදම් උන කාඩ් සල්ලි ගැන	NOT
1280053964537335808	@USER අඩො මාත් ගත්තා සෙනසුරාදා  ඔහොම එකක්	NOT
686216678263357442	"යාළුවෙක් මගෙන් අහපු චාටර්ම ප්‍රශ්නේ... ""අඩො! උබ තාම ජීවත් වෙනවද??"""	NOT
710518220411826177	අඩො මුන බලන්න අපේ උන් පොන්නයොද අඩෝ?  Well played Dilshan	OFF	{'පොන්නයොද', 'අඩො', 'අඩෝ'}
1381667631376162816	"අද තිලකවර්ධන එකට ගියා පන්තියෙ කොල්ලෙක් ඒකෙ වැඩ ඌ දැන් සෑහෙන කල් ඉඳන් ඒකෙ වැඩ   ""මම-අඩො ආයුබෝවන් මචං"" ""ඌ-ඉන්නවා ඉතින් බං""  උගෙ මූණ දැක්කම සෑහෙන මහන්සි නිදිමත පාටයි පවු කොල්ලා   මම- හෙට නිවාඩු නෙ බං? ඌ - නෑ බං හෙටත් 6 වෙන්කන් වැඩ මම-අඩො සිරාවට  ඌ-ඔව් බං මම-අනිද්දා..??"	NOT
699501974409101312	@USER @USER අඩො මමත් උබව කාලෙකින් දැක්කෙ නැහැ ...	NOT
1077852171276832770	@USER අඩො කැම බීම හරියට තියෙනවද ?	NOT
760825473475620864	අඩො..තෝ පුරේ නේද.  උබලගෙ ප්‍රාන්‍තෙම තමා යුමීත්..නොච්චියාගම ..	OFF	{'අඩො', 'තෝ'}
658585014204891136	ඇමෙරිකාවෙ ධවල මන්දිරෙ භුගත මන්දිරයක් එරට ජනදිපතිගෙ අරක්ශවට තියෙනවා කිවම, අපෙ උන්..,  අඩො පට්ටයි නෙහ්.  ලන්කවෙ වසර... URL	NOT
713700183645642752	@USER @USER  අඩොව් රැපට සෙට් වෙච්චා බොඩ් කැල්ලක් ගහන් පලයන්	NOT
661548408398721025	අඩො අපිත් පාරට බහිනව රජයේ Campus අයින් කරන්න කියල	NOT
633372339917291520	අඩො දේරණ බලහල්ලා ට්වීට් පෙන්නනව ඕයි. මාත් පෙන්නයිද හිටං?   #GenElecSL	NOT
1278737202067849217	@USER අඩො එ වලි වෙනයි ආතල් වෙනයි.ඒම වෙලාවට පැත්තකට වෙලා ඉන්න එපා සද්ද වහලා	NOT
625857984178950144	@USER @USER  අඩො තො මරන්න එපයි. යකො ටුමොරොලෑන්ඩ් කියන්නෙ. ලොකෙ ලොකුම EDM music Festival එක. පොඩ්ඩක් යූටියුබ් ගහල බලහන්.	OFF	{'තො', 'මරන්න'}
835473898665758721	"@USER අඩො සිරාවට? හරි ඒක දාන්නම්...මම මේ ෆොටො ශූට් එකක් කරන්න බැලුවෙ. අලුත් කැටගරියක්. ""වෙන්න මනමාල ශූට්"" කියල !!"	NOT
1269648833522393089	ආස නැද්ද ඉන්බොක්ස් ඇවිත් මගෙ අඩො වැඩියාව අහන්න	NOT
587482716360196096	@USER අඩො අලිමන්කඩ හන්දියෙ වෙච්ච දේ මෙතන වෙන්ඩ ඉඩ තියන්ඩ එපා	NOT
1481062382529298432	@USER අඩො. අපරාදෙනෙ . ආයෙ එයිනෙ පැදපු එකත්. කොහොමහරි නොදී ඉන්න . ඉන්ශුවරන්ස් එකත් ගෙදර අයනෙ දෙන්නෙ	NOT
1363576860236414976	"කෙල්ලෙක්ගෙ එකක් ලීක් උනොත් : ""අඩො උඹලට අම්මල නංගිල අක්කල ආච්චිල නැන්දල පුංචිල ලොකුඅම්මල නැද්ද"" කොල්ලෙක් ලීක් කර ගත්තොත් : ""අපෝ ලීක් කර ගන්නෙ නැතුව ඉන්ඩවත් දන් නැති ගොබිලෙක්නෙ උඹ""  කෙල්ලොන්ට නම් : ""Respect Women"" කොල්ලොන්ට නම් : ""අඩෝ ගෝතයා"""	OFF	{'ගොබිලෙක්නෙ', 'ගෝතයා', 'අඩෝ'}
750557224473391104	අඩො මාමා පව් යාකූ! 󾌴 URL	NOT
1478618617163902977	මොනාද හුත්තො මේ වෙන්නේ  අඩො බානුක  why bn why  ThePapare.com @USER  · 5 Jan BREAKING NEWS! @USER intends to retire from international cricket #Cricket #SLvZIM   For more cricket news  URL	OFF	{'හුත්තො'}
1084421531776606208	@USER ,  @USER  @USER imagine cup එකක් ද මොකක්ද එක   අඩො මේ	NOT
1354973099368833030	මේක දැක්කොත් ගුඩ් මෝනින් කියන් පලයන් හුත්තො   . . .	OFF	{'පලයන්', 'හුත්තො'}
1232857910641938432	ඔය හැම එකාම අතරේ මෙහෙම එවුනුත් නැතුව නෙවේ  -පොඩ්ඩ ඇත්තම් මොකද හුත්තෝ, කරන්නේ තෝ, උබ අරක කරාද බන්, යමන් කාලා එන්න, අපි නැති වෙලාවේ පොඩි දෙයක් කෑවත් ආ තොටත් කියලා පොඩිවට  හරි දෙයක් තියන, හැම වෙලාවෙම ආතල් එකේ කාව හරි බයිට්  එකට ගන්න, ඉන්න තැන කපන, කෝල් එකක් දාපු ගමන් ඉදපන් පකෝ	OFF	{'තොට', 'පකෝ', 'හුත්තෝ', 'තෝ'}
1466663765286469638	ගාමිණි වගේ අද හෙට මැරෙන්න ඉන්න නාකි හුත්තෙක්ට විදුලිබල වගේ ඉතාම වැදගත් අමාත්‍යාංශයක් දීලා හරියනවද? #PowerCutLK	OFF	{'හුත්තෙක්ට', 'නාකි'}
1351160261856604172	ඊයේ වෙඩින් එකකට ගියා. ඒකට ආවා ළඟදි බැඳපු එකෙක්. මූ හම්බුන වෙලාවේ ඉඳලා “අඩෝ  බඳින්න නම් එපා බං”, “ගෑණු එක්ක බෑ බං”, “අම්මෝ බැන්දම ජීවිතේ ඉවරයි බං” කියලා වැලපෙනවා.  “ඉතිං හුත්තො අපිට කිය කිය ඉන්නේ, ඔච්චර අමාරු නං ඩිවෝස් වෙයංකෝ” කියලා කිව්වේ නෑ, හිතෙන් හිතලා පව් කියලා කට වහං හිටියා.	OFF	{'හුත්තො'}
1023224339628544002	@USER  @USER    නොදන්න හුත්තවල් කියවන්න එපා කොල්ලො...ඌ මාසෙකට විතර කලින් ඉදන්ම පෝලිමක් දානවා කියලා තියෙන්නෙ මේ ඒ පෝලිම වැටෙනකන් ඉන්නෙ...උබ නොදන්න ඒවට පුක නොදි පලයන් පකිස් බූරුවා	OFF	{'පකිස්', 'පලයන්', 'හුත්තවල්', 'නොදි', 'බූරුවා', 'පුක'}
1126370359588995072	පිස්සුද බං ඕක වෙනකම් අපි දන්නේ නෑ ඔහොම එකක්.මදර් පොමිස්   එහෙනම් පකෝ තොපේ පල්ලියෙන් කඩු හම්බුනේ.  ඒවා අපිලා දන්නේ නෑ බං.ඕවා අමතක කරලා දාලා වරෙන් අපේ කඩේට යන්න කමු කොත්තුවක්.   හම්මට එල එල හැබැයි සල්ලි නෑ  උබෙන් සල්ලී මොකටද  සත්‍ය සිදුවීමකි #EasterSundayAttacksLK	OFF	{'තොපේ', 'පකෝ'}
1279933731994767360	@USER අනේ උට්ටෝ ඒ පිචන් ද උබට පකෝ. බූරු ගොනා කාලකන්නි නපුන්සකයා. පකෝ මමම නිර්මාණය කරලා උන්ව අහුස්සලා කරන පට්ට පිස්සු වැඩක්. සමහර අය එක්ක එකතු වෙලා ඒගොල්ලෝ සපෝර්ට් කරලා කරන පට්ට ගේමක්. උබ ඉගෙනගෙන තියා උබේ පිචන් දැනුම නිසා තමා අනුන්ගේ Rt දදා හැමිනෙන්නේ. තෝ ඉපදිලා තියෙන්නේ බල්ලියෙක්ගේ	OFF	{'ඉපදිලා', 'හැමිනෙන්නේ', 'උට්ටෝ', 'හැමිනෙන්න', 'ගොනා', 'පකෝ', 'පිචන්', 'නපුන්සකයා', 'බල්ලියෙක්ගේ', 'පට්ට', 'දැනුම', 'තෝ', 'උබට', 'බූරු', 'කාලකන්නි', 'තියෙන්නේ'}
1048767127333867524	@USER පකෝ එකේ කැම් එක ... පකේ කැම් එකක්නෙ...	OFF	{'පකෝ', 'පකේ'}
997487459511480320	@USER  @USER නංගිලට යකෝ කියන්නෙපා පකෝ >_<	OFF	{'පකෝ', 'යකෝ'}
1049133886544916480	@USER පලයන් පොන්න පකෝ. අලිපුකෙන් ඇවිත් වගේ කියවන්නෙපා	OFF	{'පලයන්', 'අලිපුකෙන්', 'පකෝ', 'පොන්න'}
1215910877922234368	@USER නමක් ගමක් දන්නෙ නෑ හැබැයි මෝඩ මනුස්සයෙක් කියල පේනවා	OFF	{'මෝඩ'}
872651995064266752	#SriLanka වේ අපේ බදු මුදලින් කාලා  @USER  වේ ඉන්නේ මේ වගේ මෝඩ උත්තර දෙන #media ප්‍රකාෂකලාද ? මේක ආණ්ඩුවක්ද ?  @USER  @USER	OFF	{'මෝඩ'}
920254311581368322	කවුරුත්  බොරු දමා මෝඩ චූන් ගන්න එපා නාමල් රාජපක්ශලාට ඇප දුන්න විදිය සිදුවුන දේ මා සියසින් දුටුවා	NOT
1301866976969543680	@USER UNP ආණ්ඩුවක් ආවා නම් යම් තරමක විශ්වාසයක් තියන්න තිබ්බා අපි ඉස්සරහට යයි කියලා.මොකද ගොඩක් ජාත්‍යන්තර සබඳතා වලින් සංවර්ධන ව්‍යාපෘති ගොඩක් ගිය ආණ්ඩුව කාලෙත් දියත් කරානේ.දැන් ඉතින් අවුරුදු 5ක් රට ආපස්සට යයි. වැඩක් නෑ මෝඩ යක්කු 2/3 කුත් දුන්නා නේ.	OFF	{'මෝඩ', 'යක්කු'}
1205739366984773632	ඔය ෆේක් එකවුන්ට් හදාගෙන තමන්ගේ පක්ශෙ එවුන්ට විරුද්ධව දාන ටුවීට් වලට පුක ඉරාගෙන එක එකාට කමන්ට් දාන එවුන් ඉන්නවා නේද.  උන් හෙන පව් අප්පා.. ඒවගේ ජීවින්ට අනුකම්පා කරන්න ඔනී.	OFF	{'ඉරාගෙන', 'පුක'}
1122247428915200000	@USER  @USER තවුහික් ජමාත් එකේ අයට පුකේ අමාරු නිසා බෝම්බ දානව කියලා අහුවෙලාද	OFF	{'අමාරු', 'පුකේ'}
1428787201735725059	@USER @USER  @USER   අඩො අඩො තොපි ඇහැරිලා ගැම්මක් තම අමොනා හරිකරමුතේ	NOT
835473898665758721	"@USER අඩො සිරාවට? හරි ඒක දාන්නම්...මම මේ ෆොටො ශූට් එකක් කරන්න බැලුවෙ. අලුත් කැටගරියක්. ""වෙන්න මනමාල ශූට්"" කියල !!"	NOT
1364481567385522178	අඩො දනා Y බන්..  පාප මිතුරෝ..	NOT
685106709895892992	අඩො වින්ඩොස් පොන් එකක සෙල්ෆි ස්ටික් එකක් සපොර්ට් කරන ඇප් එකක් කියහන්කො බන් ගත්ත සෙල්ෆි ස්ටික් එක සපොර්ට් නැ කියහන්කො ලුමියා 535 පොන් එක	NOT
1463515042561728527	අඩොව් අර පාලම නං පට්ට ආ	NOT
1299064885381271557	අඩෝ Photo එකක් ගහලා දියකංකො  අඩෝ Photo ටික Edit කරලා දියංකො  අඩො Photo ටික ඉක්මනට දියංකො  උබලා ඔහොම කිව්වට අපේ Device වලට අව්ලක් උනාම උදව්වක් ගන්න එකෙක් නෑ සරලම කතාව	NOT
730454633802424320	@USER @USER  පවු බන්.. අඩො transport එකට උඹව අද අමතක වුනාද දන්නෙත් නෑ..	NOT
1084723581387452416	මුන්ට වුවමනා තැන්වල අටවාගත් කැමරා පඩංගු වලට හසුවන අවකාශය සත්‍යය ලෙස පිළිගන්නට මෙම මීඩියා කපුටන් මෙරට ජනතාවට බල කරමින් තිබේ. එම අවකාශයේ සිදුවන සිදුවීම් අධ්‍යක්ෂණය කර ඇත්තේ ද මුන් විසිනි. කළ යුත්තේ මෙවැනි සක්කිලි ජඩමාධ්‍ය නොබලා වර්ජනය කිරීමයි!!! URL	OFF	{'කපුටන්', 'සක්කිලි', 'ජඩමාධ්\u200d', 'පඩංගු', 'මුන්ට'}
964185379128590337	කියන ලියන දෙයකට ලයික් එකක් දාන්න ඇගිල්ලක් නැති උන් , උන්ගේ මගුලක් බේදා ගන්න ටැග් කරන එක තමයි විදවන්න බැරි. ඇයි බං ඒ සක්කිලි ගති .	OFF	{'ගති', 'සක්කිලි'}
1120539839181488129	අන්න එකයි වෙනස උනේ  එච්චර විනාශයක් නවත්තන්න තිබුණු  අවස්ථාව නොදකින් විතරක්... සක්කිලි	OFF	{'සක්කිලි', 'නොදකින්'}
1444670417537355778	මම කාලයක් වැඩකලා UN Habitat එකට සම්බන්ධ ව්‍යාපෘතියක කෝඩිනේටර් කෙනෙක් විදියට. ඒකෙදි ඉගෙනගත්ත ලොකුම පාඩම තමයි දුප්පත් අහිංසක මිනිස්සු කියන්නෙ හෙනම කපටි, කාලකන්නි, සක්කිලි පිරිසක් විත්තිය. උන්ට අනුකම්පාවක්, අනිකා ගැන හැගීමක් ගෑවිලාවත් නෑ. මකරෙක් #PrayForSriLanka ♡ @USER  · 2 Oct 2021 අහිංසකයි වගේ පෙන්නන්න හදන ගොඩක් මිනිස්සු ඇත්තටම අහිංසක නෑ උන් පට්ට කපටි	OFF	{'කපටි', 'කාලකන්නි', 'සක්කිලි', 'පට්ට'}
661082706407768065	ඇයි බං unp එකේ මේ වගේ සක්කිලි බල්ලො ඉන්නෙ.හැදි ගෑවිලා යන්න ඕනේ මුන් ඔක්කොම URL	OFF	{'බල්ලො', 'සක්කිලි', 'යන්න', 'ගෑවිලා', 'හැදි'}
1385511190885851147	අද පාර්ලිමේන්තුවේ අනුර කුමාරගේ කතාව ඇටිකෙහෙල් කාපු උගුඩුවෝ වගේ අනික් ඔක්කොම අවජාතක හැත්ත අහන් හිටියා. දෙනවා දීමක් රෙදි නෑ.   ගෝඨාට දුන්න ඡන්දේ ගැන දවස ගානේ දුක් වෙනවා ඉදකින්	OFF	{'ඇටිකෙහෙල්', 'කාපු', 'අවජාතක', 'උගුඩුවෝ', 'හැත්ත', 'රෙදි', 'නෑ', 'ඉදකින්'}
1463082610716983300	"මේ අවජාතක පරයා දන්නේ නෑ ලූ ""වම්බටූ ගහල පලා ගත්තද"" කියන එක දෙපැත්ත කැපෙන වචන පෙලක් බව. වර පරයා උබව නලවලා ගන්න youtube.com තිස්සකුට්ටි යළිත් ලැජ්ජ නැතිකම පෙන්නයි - ජනාධිපතිතුමා ඔබේ බිරිද... තිස්සකුට්ටි යළිත් ලැජ්ජ නැතිකම පෙන්නයි - ජනාධිපතිතුමා ඔබේ බිරිද ඉදිරියේ මේක අහන්න පුළුවන්ද ?පාර්ලිමේන්තුවේ උණුසුම් තත්ත්වයක්Subscribe today for Latest News, ..."	OFF	{'අවජාතක', 'පරයා', 'වර'}
1143792000971530242	@USER  @USER    ඇයි අනේ ඔයා ඔච්චරම අවජාතක කතා කියන්නේ. ඔයාට ඇත්තටම රාජිත මොනා හරි දෙනවාද එයාට මොනා හරි කවුරු හරි කියනකොට ඔයාට ඔය තරම් ඩෝන් යන්නේ	OFF	{'අවජාතක'}
826346547109453825	කන්න ඕන වුණාම කබරයා තලගොයා කරගන්න කාලකන්නි දේසපාලු හැත්ත. ඔය පාර්ලිමේන්තුවෙ ඉන්න එවුන් තමයි අවජාතක. අ.පේ. ගල්පාත @USER  · 31 Jan 2017 ඒකාබද්ධ විපක්සේ #SAITM එකට විරුද්ධයි කියන්නේ..  කෙල්ල බඩ කරලා ළමයා අවජාතකයි කියලා කියන්නෙත් ඔය වගේ උන් තමයි	OFF	{'අවජාතක', 'දේසපාලු', 'හැත්ත', 'කෙල්ල', 'බඩ', 'කාලකන්නි', 'අවජාතකයි'}
802457738160783360	රජයේ කැම්පස්වලට යන අහින්සක දූවරුන් බඩු කරන අවජාතක	OFF	{'අවජාතක', 'කරන', 'බඩු'}
1120535301968019458	අහිංසක මිනිසුන්ගේ කඋුළු වෙිදනාවන් මිනි මතින්  අන්තවාදී පලිගැනීම් කල මුසල්මානුවනි⁣ තොපිට සාප වෙිවා සාප වෙිවා.සාප වෙිවා තොපේ පවුල් වලටත් සාප වෙිවා..අල්ලා දෙවියොත් කාලකණ්ණි මුසල්මානුවන්ට සමාව නොදෙන සේක්වා.මියගිය සියලුම කිතුනු බැතිමතුනි ඔබ සියලුම දෙනා සමාදාන⁣යේ සැතපෙත්වා..	OFF	{'තොපිට', 'වෙිවා', 'තොපේ', 'සාප', 'කාලකණ්ණි', 'අන්තවාදී', 'මුසල්මානුවන්ට'}
1148941553689214977	"මෙහේ ඉන්න බබාලට පඩි පෙළකුත් කපලා ඒකට රතු පලසත් දාන්න ඕනෙ. කාලකණ්ණි #SriLanka Politicians Sky News @USER  · 10 Jul 2019 The Queen has shown age isn't a barrier for her   The 93-year-old was asked if she would like assistance planting a tree, she replied: ""No, no, I'm still perfectly capable.""   More here: URL :28 .1K views"	OFF	{'කාලකණ්ණි', 'රතු', 'පලසත්', 'බබාලට'}
1175037799021461506	@USER ඕව ඔහොම ප්‍රසිද්ධියේ දාන්න එපා අර  @USER   අංකල් දැක්කොත් ඒම ලේ කකියලා මැරෙයි පොර..එහෙම වුනොත් අපරාදෙනෙ කාලකණ්ණි ජීවිතයක්..	OFF	{'කාලකණ්ණි', 'ජීවිතයක්'}
1238876243744808960	@USER කාලකණ්ණි මිනිස්සු. ඇත්තටම මුන්ට මිනිස්සු කියන්න බැ , මුන් තමයි නියම තිරිසන්නු.	OFF	{'කාලකණ්ණි', 'තිරිසන්නු'}
1178770074091569154	@USER යුද්දෙ කාලෙ රෙවිල හිටපු උන්ට එක වාසියට අමතක කරා දැන් බලයට කැදර සෙරම කාලකණ්ණි මුල අමතක කරල මෙක ඇදන් දගලන්නෙ කෙලෙහිගුන නොදන්න කම පෙන්වමින් අවජාතක හැත්ත ඔබ අනිවාර්යයෙන් මෙ රට බාර අරන් ඔය වැඩ ඔය කාලකණ්ණි වැඩ කරන සෙරම උන්ට උපරිමයෙන් මෙ රටට අගතියක් කරන උන්ට නිතිය ක්‍රියාත්මක කරන්න ඔන	OFF	{'රෙවිල', 'අවජාතක', 'හිටපු', 'හැත්ත', 'කාලකණ්ණි'}
1404609445234020355	@USER හා හා ගමිපහ දිහාදි ඔීකුන් බැරි වෙලාවත් හමිබ වුනොත් නෝන්ඩි කරනව පතුරු යන්න නොදකින් බැල්ලි දවසම කෑව	OFF	{'බැල්ලි', 'දවසම', 'කෑව', 'යන්න', 'නෝන්ඩි', 'කරනව', 'පතුරු', 'නොදකින්'}
923566597364518914	අද උදේ ඉස්කෝලෙට චූටි බැල්ලි පැටව් දෙන්නෙක් ගෙනත් දාලා කවුරුහරි. ළමයි උන්ව අයිති කරගන්න පොරකෑවා ඒත් ළමයි සේරම උන්ට ආදරෙයි කන්න බොන්න දුන්නා	NOT
699111625085718529	සහජීවනය දෝරේ ගලා ගලා එයි!  උඩ බැල්ලි කිව්වා ජාතික කොඩිය උස්සන්නේ නෑ කියා, නැගෙනහිර අන්තවාදින් අහින්සක මුස්ලිම්... URL	OFF	{'අන්තවාදින්', 'බැල්ලි'}
1210955720973271041	@USER  @USER කිව්ව දේවල් ඇත්ත වෙන්න වැඩි වෙලාවක් ගියේ නෑ. මොන කුඹුරේ දැම්මත් හරකා උම්බෑ කියනවමයි. Sahan Kaseera @USER  · 28 Dec 2019  @USER@USER අගමික සංකල්පයයි , ආගමික නිකායයි නොදන්න ගොබ්බ හරකෙක් රිච්මන්ඩ් හංවඩුව ගහගෙන තප්පුලනවා. උඹලා ඔය ඉස්කෝල වල පිළිකන්නේවත් ඉගෙනගත්තා නම් අනික් උන්ට සදාචාරෙයි , අම්මගේ රෙද්දයි උගන්නන්න කලින් තමන් හැදිලා ඉන්නවා. මුලින්ම තමන් ලියපු එක කියවලා වර බැල්ලිගේ පුතා	OFF	{'උම්බෑ', 'තප්පුලනවා', 'අම්මගේ', 'බැල්ලිගේ', 'පුතා', 'ගොබ්බ', 'හරකා', 'රෙද්දයි', 'හරකෙක්'}
1306978979488739328	"සර්ට් එකේ දිග කෙස් ගහක් තිබ්බම "" කාගෙද කියපන් මේ කෙස් ගහ "" එදායින් පසු දා සිට,  • කොට කෙස් ගහක් අහු උණාම        "" කවුද මේ බොක් කට් බැල්ලි ""  • මයිල් ගහක්වත් නැති දාට       ""කවුද අද තට්ටය...දැන් තෝ කොල්ලො ගහන්නත් පටන් ගත්තද ""  #සැකpromaxlevel"	OFF	{'තට්ටය', 'බැල්ලි', 'තෝ'}
769064134902214660	@USER  @USER ඔයත් අපේ අම්ම වගේ, කන්න කියල හොද දෙයක් ගෙදරට ගෙනාවොත් ඔහොම කතාවක් කියනවා	NOT
1338853547480387584	@USER කුක්කු කියලා තමා කතා කරගන්ඩ පුලුවන් දවසේ ඉදන් පොඩි එකා පවා කියන්නේ, මට පෙන්නපන් එකෙක් අම්මියෝ මව් කිරි දෙන්ඩ කියන, අනේ පලයන් සාන්ත යන්ඩ	NOT
861212461185290242	අපෙ අම්මා ඉතා සුදුයි අපෙ අප්පා ටිකක් කලුයි අපෙ මල්ලී හෙන ගොබ්බයි අපෙ බල්ලා වෛවර්ණයි	OFF	{'ගොබ්බයි', 'හෙන'}
1064883591308603392	@USER  @USER නොදකින් ගල් මුසලයා	OFF	{'ගල්', 'මුසලයා', 'නොදකින්'}
1005813547614556161	නොදකින්, ඈක්ක මෙ ඇසසින් කිඩ් දැන් නම් මහ ජරාවක් URL	NOT
792726760483848192	දේශපාලකයින්ගේ බාලාංශෙ වැඩ... තුක් නොදකින්!!! URL	OFF	{'තුක්', 'නොදකින්'}
856028591972245505	@USER  @USER නොදකින් මුගෙ කට. ඔතන ඉන්නෙ පිරිමියෙක් බං	OFF	{'නොදකින්'}
1061269781146329091	@USER නොදකින් ! අද දාන හැම එකම වැරදියි	OFF	{'නොදකින්'}
1052452154487779331	මොකටද තෝ මගේ phone එක දිහා බලන් ඉන්නෙ පරට්ටි	OFF	{'පරට්ටි', 'තෝ'}
1014736540864409600	ඒ හිනාව ඒ බැල්ම ඒ කොන්ඩේ නොදකින් පරට්ටි හරිම මූසලයි ෂික්	OFF	{'මූසලයි', 'හරිම', 'පරට්ටි', 'නොදකින්', 'ෂික්'}
1366394315782508544	@USER  @USER කියලා වැඩක් නෑ... අපි දන්න තරම්වත් මේ සමහර කහ කඩ කාරයෝ බුදු දහම දන්නවද දන් නෑ...අැයි දෙවියනේ බුදු දහම කියන්නේ බුද්ධියේ දහම වෙලත්, බුද්ධ පුත්‍රයෝ නැමති සමහර පරට්ට එවුන් මෙච්චර දගලන්නේ.... #අප්පිරියයි.	OFF	{'අප්පිරියයි', 'පරට්ට', 'කඩ', 'එවුන්', 'කාරයෝ', 'කහ'}
1394248034675007488	කොල්ලො රන්ඩු වෙනකොට  ඇයි ඇයි මොකද  ඩෝ   ගෑනු රන්ඩු වෙනකොට   තෝ පරට්ටී ...............................  රෙදි සී සී කඩ	OFF	{'ඩෝ', 'පරට්ටී', 'පරට්ට', 'තෝ'}
1291369685250789378	@USER ගොන් පරට්ට #හුකන්නා... ස්ටේටස් දැම්මෙ මොකෝ බොල ඒක	OFF	{'පරට්ට', 'බොල', 'හුකන්නා', 'ගොන්'}
1169265714319880192	උරහිස හරියෙන් තඩි කෑල්ලක් හොඳට හපලා කෑවා.  ගෙදර ගිහින් රෑට කන්න ඕනෙ වෙන එකක් නෑ මං හිතන්නෙ.	NOT
906880405365600257	"""මචං, කෙල්ලෙක් තෝර ගන්නව නම් තමන්ට අවංක වෙයි කියල හිතෙන, උඹටත් ඒකි වෙනුවෙන් ඕනම දෙයක් දෙපාරක් හිතන්නෙ නැතුව කරන්න... URL"	NOT
680018276374691841	@USER @USER  ඔය ඉතින් පේන්නැද්ද පිස්සු කියන්නේ බොරුවටද මන් :-D උත්තමයෙක් කියලා හිතන් ඉන්නේ පව්	NOT
1188740794737291265	මර්වින් සිල්වා කඹුරුපිටියේ සජිත්ගේ වේදිකාවේ ඉදලා කෑ ගහලා කෑ ගහලා මිනිස්සු අප්පුඩි වත් ගහන්නේ නැති උනාම කියපි, මමත් තොපි වගේම රුහුනේ යකෝ, ගහපිය අප්පුඩියක්...   කබාලි කියලා හිතන් ඉන්නේ පිංපියා.. #PresPollSL	OFF	{'පිංපියා', 'යකෝ', 'ගහපිය', 'තොපි'}
1400470637441810432	උබලා හිතන්නේ උබලා කරන ජොබ් එක තමා අමාරුම ජොබ් එක කියලා! නිකමට හිතපන් පියුමිගේ දෙබස් සංඥා භාශාවෙන් දෙන කෙනා  ඒක කියද්දි පොරට කොච්චර අමාරු වෙන්න ඇතිද කියලා!	NOT
1009323286789050369	@USER පක්!! ආයි හම්බුනොත් දැනුවත් කරන්නම් බම්. තෝ ගාල්ලෙද	OFF	{'පක්'}
1399386286658449410	@USER ,  @USER  @USER තෝ සයිස් ගොනෙක් ඇති රටෙන් කාලක් හාන්න	OFF	{'සයිස්', 'ගොනෙක්', 'තෝ'}
884157351338496003	අනේ ඔව් ඔව්  කිව්වා කියලා හිතාගනින්  අහුවෙයන්කො තෝ ප# Captain America  URL	OFF	{'ප#', 'තෝ'}
1484010755762630663	මගේ දේවල් වලින් උඹලා ගත්ත ආතල් එක ගැන මට සන්තෝසයි මචංලා. ගැම්මක් තමා ඉතිං. අපි සැලෙන් නෑ මචංලා.  මේකත් ඩුපක් ගහපං. ඒක පට්ට.  හැපිනස් තාම දාලා නෑ..ඒ නිසා මං දැම්මා...	NOT
1231944697276502016	@USER ,  @USER  @USER යකෝ පිස්සෝ ෆස්ට්  ටයිප් කරද්දි දන්නේ නැද්ද තෝ ගොන්ද	OFF	{'පිස්සෝ', 'ගොන්ද', 'යකෝ', 'තෝ'}
1407644532481531905	"තව ටික දවසකින් යාලු උනාම ආයේ ගහගනියි...""ඒකි එහෙම නෑ බං....""  හා.සේ නුවර හාමු @USER  · 23 Jun 2021 ලංකාවේ ටැටූ..."	NOT
1178191187062095872	සිගරට් නෙමේ තෝ ඒකිට පේන්න හොඳට තැනකට පල මෝඩ මූසලයා  URL This Tweet is unavailable.	OFF	{'පල', 'මූසලයා', 'මෝඩ', 'තෝ'}
1029015776630464513	@USER ,  @USER  @USER අනේ හරි කෑල්ල ඒකියලා හිතාගෙන ඉන්නේ..මොනාද ඒකි කියන්නේ මට	NOT
1153710281433997313	@USER මතක නෑ. ඒකි හලාවත නෙමෙයි.	NOT
1005426114414563328	ඕය සක්කිලි තමා අන්තඃපුර කරල අපිට කෙල්ලෙක් නැති කරන්නෙ  Amila Chathuranga @USER  · 9 Jun 2018 23ක වගේ දුවෙක්ගෙ ෆෝන් එකකට වෛරස් ඇවිත් කියලා බලලා දුන්නා.  හම්බෝ දෙයියනේ ඒකිට එලියට කතාකරන්න යං කියල එකේක සෝස මීඩියා චැට් වලින් ආපු රික්වෙස්ට් ගාන. බුදු සන්තෝ.. එයාට දවසට එක කොල්ල්‍ර්ක් එක්ක කතාකරන්න ටවුමට ගියත් අවුරුදු 60 වෙනකල් වගෙ යතෑකි ..එකේක කොල්ලො එක්ක	OFF	{'සක්කිලි'}
1191944117200265216	@USER ඕනෑ තරං ඔය ඩිවෝස් වෙලා ආයෙ බඳින්නෙ... පස්ස ගහන්නෙපා ඔයා..	NOT
1026432652990005248	@USER හරී! අපේ ගේ ඉස්සරහම එකක් තියනව ඕයි. මේම මේම. ඇහැක් ඇරල බලන්න බයයි අම්ම පස්සෙන්මයි	NOT
1110979592515395585	නදීමාල් පස්සේ පන්නන හිගන ප්‍රාදේශීය වාර්තාකරුවන්ට එක නිවුස් එකකට තාම ගෙවන්නේ රුපියල් 750යි. ඒ 750 ගන්න තමා ඔය පුක උඩදාගෙන මයික් අල්ලන්නේ. ඊට වැඩිය හොද නැද්ද මයික් එක පුකේ ගහගෙන පාරක් අයිනේ හිටියානම්	OFF	{'මයික්', 'ගහගෙන', 'උඩදාගෙන', 'එක', 'හිගන', 'පුකේ', 'පුක'}
1460877430445379587	@USER පැනි කුරුල්ලො පස්ස කඩලා පැනි බොනව අපි	NOT
1436311777680134147	@USER ඇයි ඒ හැම එක්කම පස්ස නෙරාගෙන ඉන්නෙ. අසනීපයක්ද ඒ කෙල්ලට!	OFF	{'පස්ස', 'නෙරාගෙන'}
580359697477292032	සිරිලංකන් ස්ටයිල්...  ගෑණි, පවුල, ගෙදර උන්දැ, ඒයි, යෝදි, අරය, වාතේ, බිරිඳ, ඇණේ, වයිපරේ, හාමිනේ, නෝනෙ, මළ යස්සණී,... URL	OFF	{'යස්සණී', 'ගෑණි', 'ඇණේ', 'වාතේ', 'මළ'}
1424016684650696711	ස්වර්ණවාහිනී එකේ අර මුමුණන ගෑණි කවුද බං  මුං මොනවට නිවුස් කියන්න තෝරගත්තද මන්දා.	OFF	{'මුං', 'ගෑණි'}
1147546629982969857	@USER අම්මලා දන් නෑ පුතා කුඩු කාරයෙක් කියලා තාත්තලා දන් නෑ පුතා හොරෙක් කියලා ගෑණි දන් නෑ මිනිහාට අනියම් සම්බන්ධයක් තියෙනවා කියලා මාමා දන් නෑ බෑනා පාතාලෙ කියලා  ඔක්කොම දැනගෙනත් කට්ටියක් මොකුත් නොකර හිටියා  #lka #Politics	NOT
1311597123536912385	"දෙයක් වෙනත් කෙනෙක්ට කියන ක්‍රම දෙකකි )ShortSweet ලෙස කීම. )""අපේ ගේ ළඟ ඉන්න මැගී නැන්දගේ ලොකු පුතා බැන්ද කෙල්ලගේ තාත්තා පියදාසගේ ගෑණිගේ මහගෙදර ඉන්න පිස්සු හැදුණ කොල්ලා පස්සෙන් ගිය කෙල්ලගේ අයියා අර ගේ ඉස්සර ගේට්ටුවට චූ දාලා බැනුම් ඇහුවේ, අන්න ඒ ගෙදර ඉන්න බල්ලා ඊයේ උදේ....."	NOT
1412815728277872648	“ගෑණියෙක් ඉංග්‍රීසියෙන් කතා කරපු පලියට ඒකි හරි වෙන්නේ නෑ.”  මෙන්න මේ ටික නිතර පේන තැනක ලොකු අකුරෙන් ලියලා තියාගන්න ඕනෙ සෑහෙන්න කිඹිසිබාලා ටිකක් ඉන්නවා මේකෙ.  Hamza @USER  · 7 Jul 2021 එකම ආතල් එක, උන් දාන එව්වා උඩ තියන් නටලා අපිව අන්ෆලො කරලා අපි ගැන එක එක තැන් වල කැත කතා කියපු බොහොමයක් මිනිසුන්ටත් දැන් ඇත්ත නැත්ත තේරිලා. නැත්තන් උනුත් මේ ගොදුරට අහුවෙලා. සමහර ආයේ ෆලෝ කරලා. හොඳයි දැන් වත් මොලෙ පැදෙන එක. ගෑණියෙක් ඉංග්‍රීසියෙන් කතා කරපු පලියට ඒකි හරි වෙන්නේ නෑ. Show this thread	NOT
1145153624072261632	හොදම හරිය ඇගිල්ලෙනේ ඩාලින්..  හැපි බර්ත් ඩේ හු**තෝ   @USER   1	OFF	{'හු**තෝ'}
1294846121014001664	@USER ලෛ එක බලන්න බැනෙ ඩාලින් වැඩකට එලියෙ ඉන්නෙ	NOT
723423991558365185	මල්සරො විදිනවානම් විදපන් ඉක්මනට නැත්‍තන් පල යන්ට මුසලයා	OFF	{'යන්ට', 'පල', 'මුසලයා'}
1457271117861642249	මේ නුගත් මුසලයා කට ඇරියෝත්... නිදහසට කාරනා facebook.com Ape Rate Gawa Sampatha-අපේ රටේ ගව සම්පත - ඝෝටාබයට මහින්දගෙන් උපදෙස්... ඝෝටාබයට මහින්දගෙන් උපදෙස් මාලාවක්	OFF	{'නුගත්', 'මුසලයා'}
1354064130743951363	මාසයක් මුසලයා වගේ ඔහේ ඉඳලා අද ඇවිද්දා...  වම් කකුල හොඳටම රිදෙනවා බත් කෙන්ද කිට්ටුවෙන්. නහරයක් තෙරපිලාද මන්දා..	NOT
754762853853327360	#SMDayAfterParty ගිහින් ඇවිත් ගල් මුසලයා වගේ දවසම නිදාගෙන දැන් නින්ද යන්නේ නැහැ යකෝ	NOT
569764113066418176	අයියෝව්ස් දැන් ඉතින් උඩ බලන් ඉදෆිය මුසලයා.... 󾍀󾍀   #අසික්කිතයි URL	OFF	{'අසික්කිතයි', 'මුසලයා'}
1441809004938678272	@USER ,  @USER  @USER කවුද මේ පිස්සා...මෙන්න මූව වාඩි කරවන්න	OFF	{'පිස්සා'}
658886948820529152	‘පිස්සොත් එක්ක ජිල් බෝල ගහන්න යන්න එපා. මොකද පිස්සා ජිලෙන් ඔළුවට ගහන්න පුළුවන්.‘ ~අසමජ්ජාති ආදරය (මුල් අයිතිය Ranga)	NOT
639446830833532929	අපේ ඡන්දෙන් අන්තිමට කිසිම වැඩක් නැති උනා...ශික්..මහ කලකිරීමක් තියෙන්නෙ...අමු පිස්සා ඌට උදව් කරපු ඔක්කොම ගොඩ දැම්ම. :/	OFF	{'අමු', 'ඌට', 'පිස්සා'}
1312805228429934592	@USER  @USER නෑ..ඔයයි පිස්සා..උන්නද මලාද කියලා හෙව්වෙ නෑ.හරක් පීටරය.	OFF	{'පිස්සා', 'හරක්'}
916625775385772032	පිස්සා මූ පිස්සා මූ පිස්සු පූසා මූ [VIDEO]: URL via	NOT
1309907275859984386	@USER කොල්ලට වයස 17 යි කියන්නෙ බඩුම තමා කෙල්ලට 15ක් වත් ඇති.. පොඩි හුජ්ජ පැටව්	OFF	{'පොඩි', 'හුජ්ජ', 'බඩුම', 'පැටව්'}
1481674566649155586	@USER  @USER ඇත්තටම දුකයි මේ හුජ්ජ කෙල්ලො ගැන	OFF	{'හුජ්ජ', 'කෙල්ලො'}
1184151460650586112	@USER හුජ්ජ කලාට ඒක දවසට දෙතුන් වතාවක් හෝදනව නෙ..	OFF	{'හුජ්ජ'}
656544390991638528	හුජ්ජ කොල්ලන්ගේ වෙබ් සහ නින්දෙන් පවා “මහින්දට” බය විම URL	OFF	{'කොල්ල', 'හුජ්ජ', 'න්ගේ', 'කොල්ලන්ගේ'}
1488810739456524290	හුජ්ජබරට විතරක් බිජ්ජ උල්වෙන පොඩිඑකෙක් සෙස් කරන්ඩ කතාකරනවා  මම දැං MK  Darshana K @USER  · 2 Feb  @USER  සෙස් කරමු දේ	OFF	{'උල්වෙන', 'කරන්ඩ', 'හුජ්ජබරට', 'සෙස්', 'පොඩිඑකෙක්', 'හුජ්ජ', 'බිජ්ජ', 'කරමු', 'කතාකරනවා'}
1096973243410456576	ඒ තුන්ඩු කෑල්ල  ජේප්පොන්ගේ අමරණිය ඉතිහාස කතාවෙන්....    #LetMeVote !  #lka #sriLanka #SriLankanPolitics #Colombo  @USER  @USER  @USER	NOT
771351435220914176	කෑල්ල දාල ගියාට වඩා ආච්චි නැති වුනාම හිතට දුකයි මහත්තයෝ	NOT
1091565815269285888	@USER දියනිය ශෘංං, ඔබගේ ඩී පී යේ සිටිනා හොටු කෑල්ල වල් මාසි වැනි යෙහෙලියක් දැ?	NOT
811977112286466048	@USER අඩො කැ.×යා. තො මට අරන් දුන්නෑ #KP. #WP  @USER	OFF	{'තො', 'කැ.×යා'}
1400494572518600706	@USER  @USER    අඩො මේකා දියුණු වෙලානෙ	NOT
1450140170339164172	@USER ,  @USER  @USER අඩො අඩො මගේ	NOT
1389162808789532674	@USER  @USER අඩො y බන් සජී බංගලියොන්ටනේ ගැහුවේ.. අපේ එහා ගෙදර එකා වගේ වු රතිඤ්ඤා දනවා..	NOT
1204671875776823301	අඩො චයිනා.... ඔය අපේ ලොක්කා...	NOT
635868925020864512	@USER @USER  අඩො මම දන්නෙ නෑ ඕව	NOT
1247794751362875392	@USER ,  @USER  @USER කෞද අඩො කසුන්ට පිස්සු කියන එකාාාා? ආ යූ කිඩ්ඩිං මී ??? දෙන්නෙ කන පැලෙංඩ	OFF	{'කන', 'අඩො', 'පැලෙංඩ', 'පිස්සු'}
764136427726647296	අඩො මගෙ කටත් ඇරුනා බං... 󾌬 󾌳 URL	NOT
1474975552264376321	@USER අඩො මන් උඹට අඩු පාඩු කරේ නැ.. මට වඩා උඹ උනන්දුයි එ වැඩේට	NOT
823527386956185600	@USER කට කට   @USER  අඩො  මයෙ අම්මා දුක හිතුනැයි	NOT
1319208617908686849	@USER  @USER අඩො. ඒක පට්ට	NOT
626095629630967808	@USER @USER  ඇහැ.. අඩො මගෙ ගාවට එද්දි සෑහෙන්න තිබුනනේ..  @USER  @USER  @USER	NOT
615004628275433472	@USER @USER  මට ෆොටො එකක් ගාන්න ඕනේ , අඩො  @USER  මේන් මේන්  @USER	NOT
689343959399804928	@USER @USER  අඩො... අපේ ගමේ මොනවද කරන්නෙ ආ..	NOT
568415352280887296	@USER  අඩො එළ #dp එක!	NOT
1238807593415397376	@USER  @USER අඩෙ කරා යකො. අඩො මන් උබට විශ් එකක් දැම්මානෙ.  90%ක් ශුවර්.	NOT
1424985035535306753	හායි යලුවේ මම අවා.. අඩො මේකේ අගක් මුලක් හොයන්න බැරුව අසරණ වේලා ඉන්නේ.. Chamika Banu @USER  · 8 Aug 2021 අඩෝ @USER කෝ සුපුන් කොලුවා  @USER	NOT
1110202442833002496	අඩො  @USER  නාකිය සුභම සුභ උපන්දිනයක්	OFF	{'නාකිය', 'අඩො'}
1058005411482095618	@USER  අඩො එළදෙන,බැල්ලි,හිවලි happy birthday ඇන්ටො	OFF	{'හිවලි', 'අඩො', 'එළදෙන', 'බැල්ලි'}
597030723552411648	අඩො සෙල්ලම් කරලා තැබිලි බිලා නාන්ඩ හෝද නැද්ද බන්!!!:-( :-\ — feeling හිතනවා	NOT
1310946320845336577	@USER අඩො කැරියා කිව්වා නම් මාත් එනවනෙ සුන්ඛයා	OFF	{'යා', 'සුන්ඛයා', 'කැරියා', 'කැරි'}
749969487038812160	අඩො මේ ටින් එකට අවුරුදු 20ක් යකෝ.... හැබැයි  දැන් මැරිලා	NOT
1316773755658543104	අඩො අර බ්‍රැන්ඩික්ස් කොරොනා පොකුරද කොලඹ මහ නගර සබාවෙනුත් මතුවෙන්නෙ   මන් දැනන් හොරොයෙ නෑනෙ කොලඹ මහනගර සබාව කියන්නෙ ගාමන්ට් එකක් කීලා	NOT
693060494362550272	@USER @USER  @USER  හා හා අඩො ඉස්සර ඌ කඩෙ ගියා තමා බන් ඒ උනාට කෙලින් ක්තා කරපු එකෙක් ඌ . දැන් නිකන් බටර් පාන් කන එකෙක් වගෙ නෙව්	NOT
1318596894856155138	අඩො නෝ  MЯ.MΛDЯID™ @USER  · 6 Feb 2019  @USER@USER මං හිතන්නේ මේක ගැලපෙනවා තාරුට වඩා...	NOT
563362997775519744	අඩො තොට කනෙත් එක්ක අරිනව හරිද?? #SriLankanThreats	OFF	{'තොට', 'අරිනව', 'අඩො'}
1428024163281752065	අඩො අර මැනික් ගලට මොකද දන්නෙ නෑ උනේ නේද.නිදාගන්න යද්දිත් මතක් වෙනව.	NOT
1276002239279017984	අඩො ජොනියාට සැහෙන්න බාර් තියෙනවා , අර බොර්ඩ් එකෙ ඉන්නෙ ජොනියා, කසිප්පු කාරයො එවන්න එපාලු ජොනියගෙ පොටො ඉස්සරහා ඉදන්	NOT
1407773706466758658	අඩො මේ ග්‍රවුන්ඩ් එක හතරැස්  එහෙම අසාධාරණයි  #ENGvSL	NOT
1362050189679230978	හරකා කන්නෙ තණ කොළ උ හපුතල් කන්දත් අද්දනවා කරත්තයකුත් බැදං  මිනිස්සු කන්නෙ හරකාගෙ මස් 5m ක් පයින් ගියත් හති මිනිස්සුන්ට	NOT
699212079396290561	අම්මාගේ කිරි ගවයා, පුතා මස් කඩේට දක්කයි:  නොච්චියාගම මොරවක කන්දේ හත් දරු මවකගේ (73) කිරි හරකා මස් ... URL #lka #news	NOT
1037731021955973122	#ට්‍රිගර්ලන්තෙමීහරකා මරු ටැග් එක යකෝ  කාලෙකින් දැක්ක පට්ට ටැග් එකක්	NOT
926667860822278144	මෝඩ මීහරකා. #CAS8114 #SLtraffic_CloseCall URL	OFF	{'මීහරකා', 'මෝඩ'}
1139813611679838208	යකෝ අපේ රත්තරං  රනිල් මහත්තාගෙ සංකල්පයකට අනුව වෝක්ස්වැගන් කොම්පැනියක්ම හැදුවා.  ඒ අස්සෙ මේ ගොන් වහල්ලු ගෝටගේ සංකල්පයකට මොකද්ද වේගා කියල හුචක්කුවක් හැදුවා කියලා මැරෙන්න හදනවා.  ආදරෙයි රනිල් මහත්තයෝ	OFF	{'ගොන්', 'හුචක්කුවක්', 'වහල්ලු'}
718445452006326272	මුංගෙ ගොන් ෆොටෝස් විතරයි මගුල news feed එකේ තියෙන්නෙ :3	OFF	{'මගුල', 'ගොන්'}
1193547283595284480	@USER අනිවාර්යයෙන් අක්කේ මන් දන්නා තරමින් ඉන්දියාවේන් පිච්ච ගෙන්නන්නේ  අග මැටි ගොන් නාම්බෙක්	OFF	{'මැටි', 'ගොන්', 'අග', 'නාම්බෙක්'}
1470251259441475587	කාබනික ගොන් බයියෙක්ව අල්ලල නාවන්න ඕනෙ  Lakna Amandi @USER  · 12 Dec 2021 ''ජීවිතේට බල්ලො කාලා නෑ ගොයම්'' ''පොහොර ගඳට බල්ලොත් දැන් ගොයම් කනවා''	OFF	{'බයියෙක්ව', 'ගොන්'}
629454783632420864	@USER @USER හම්මේ. අපි පීඩිති පැලැන්තියේ බොල. ධනවාදී ක්‍රියා කරන්න වත්කමක් නෑ!  @USER  @USER  @USER  @USER	NOT
778265840512667648	අප්පද බොල ගොවියගේ ගව පුතාගේ කාලේ රටේ සංස්කෘතිය දියුණුවෙන් දියුණුවට පත් උනා කියලා ඉතිහාස ගත වෙයි වගේ.....  Ravi Yasas @USER  · 20 Sep 2016 THIS news title   තනපට අහසට. උඩුකය රෙදි නැත. සමලිංගික ආදරය අරන් ඉරාජ්ගේ ‘ගිනියම් රෑ’ එයි. URL #lka	NOT
959686789186207744	@USER මොකද බොල කියන දෙයක් තේරුම් ගන්ඩ පුලුවන් විදියට කියපන්	NOT
585643833909710848	මේ ලෝකේ ගොඩාක් දේවල් ආදරේ මතද බන් රදාපවතින්නේ??? එතකොට අපි වගේ තනිකඩයොන්ට හෙනම අවුලනේ බොල??? :v	NOT
1154068481538527232	@USER ඊය යකෝ බොලෑ ගේ පංසල..අපේ පංසලේ හාමුදුරුවෝ ස්ට්‍රේට්... කාරුවත් වැඩිය නැත්තන් බැල්ලියෙක් වත් පංසල පලාතේ යවන් නැහැ ගමේ මිනිස්සු..මොකද ආච්චිලට පවා කේස් වෙලා තිබුනා..	OFF	{'බැල්ලියෙක්', 'බොලෑ', 'යකෝ'}
1121843314293202944	උබල හිතනවද හමුදාවෙ අය වෙපන් උස්සන් දාඩිය පෙරාගෙන ජීවිතයත් මරණයත් අතර සටණට යන්නෙ මෙ කොහෙවත් ඉන්න පසික්කාඩු මන්ත්‍රීයෙක්ට තොරතුරු දිදී ඉන්ඩ කියලා.  අම්මහෙ රෙද්ද වගකීම නවල ගහගනින් බන් පුකේ අපි නෙවෙයි මිනිස්සු අවුස්සන්නෙ තොපිම තමා මිනිස්සුන්ව අවුස්සන්නෙ සක්කිලි හැත්ත.	OFF	{'ගහගනින්', 'පසික්කාඩු', 'සක්කිලි', 'බන්', 'හැත්ත', 'තොපිම', 'රෙද්ද', 'පුකේ', 'අම්මහෙ'}
1147379211474280449	ජීවත් වෙන්න අමාරු උනත් දෙවියන්ට උන්නෑ බාර විසයි සමාජේ, රසයි විනාසේ, පෑගිලා පුරුදුයි තාර නැවතුනොත් ඉවරයි විරාම නෑ සැරයි පාර මූණට හිනාව දාන යාළුවෙක් වගේ රඟපාන හැත්ත පිරිලා මෙහෙ, සිය දෙනෙක් ගත්තොත් අනූ අටක් දිවවල් දෙකේ හාදු දෙන්නේ ආදරේට නෙමෙයි ඕනම කෙනෙක් යටින් පුප්පන්නේ පෙණේ	OFF	{'පුප්පන්නේ', 'හැත්ත', 'යටින්', 'පෙණේ'}
1057113225966178304	කුජීත කමෙන්ට් දාන අඩු කුලේ පර හැත්ත!	OFF	{'අඩු', 'කුලේ', 'හැත්ත', 'පර'}
1155067939361566721	අන්න සමහර තැන් වල මාර පල් හෑලි ගොඩක් දාලා කෘතවේදීව මාලී පිං දීපූ එකත් දේශපාලනීය කරන්න Unp Jvp හැත්ත  පුදුම වෙහෙසක් ගන්නවා.... හැබැයි.....ෆේල්.....	OFF	{'හැත්ත'}
1223600398616805379	ලක්ෂ ගණං දීලා ඇපල් ගත්තට 49 ඩේටා කාර්ඩ් එකක් නැතුව වැලපෙන හැත්ත!	OFF	{'වැලපෙන', 'හැත්ත'}
1219798592552087559	දාලාගිය පිරිමින්ට සාප නොකරන ගෑණු.. ලග ඉන්න පිරිමියාට ආදරේ කරන ගෑණු.. ඇවිලෙන ගින්දර නිවන ගෑණූ.. නිවුණු තැන් සරසන ගෑණූ.. රිදුණු තැන් පුරුද්දන ගෑණූ..   ලැබුනොතින් රැකගනින්	NOT
1136980446112124929	සාප ලත් ශාෆිට පැමිණිලි 800 ත් ඉක්මවයි	NOT
1435176338600628225	චන්දිමාල් ගගා ඌට වස්තිය වැදුනා  සාපයක් තොපි   #SAvSL	OFF	{'සාපයක්', 'තොපි'}
1179776051393810433	''හෙට ගෝඨා ගේ නඩුවේ තීන්දුව කුමක් උවත්....''  'ජනතාව දන්නවා බල ලෝභී සාපරාධී පට්ට කෙබර...පරාජිත Unp Usa Ngo ගොබේල්ස් ලා ගේ කොන්ද පණ නැති අසික්කිත වැඩක් කියලා'  - මීට රටේ බුද්ධිමත් මහජනතාව	OFF	{'අසික්කිත', 'සාපරාධී', 'ගොබේල්ස්', 'කෙබර', 'පට්ට', 'ලෝභී', 'බල'}
1378750374245371907	සාප කළාම රිදෙනනවා කියන්නෙ ඒ අයගෙ හෘද සාක්ෂිය තමන් වැරදියි කියනවද.  Kamila Dias @USER  · 4 Apr 2021  නොවුනට අද පාස්කු ඉරිදා  සාප වේවා උඹලට   දී රූකඩ ආණ්ඩුවක් පිහිටුවන්න කඩේ ගිය උන්ට,  ප්‍රහාරය ගැන දැනගෙනත් දන්නෙ නැහැ වගේ හිටපු උන්ට,   මුස්ලිම් අන්තවාදීන්ට පසුබිම හදපු උන්ට,  මුස්ලිම් අන්තවාදයට මුදල් වියදම් කරලා දැන් ඒ මුදල් වෙනත් පක්ෂ වලට යොදවන උන්ට,	OFF	{'උඹලට', 'සාප', 'වේවා'}
1031575571375960064	මැච් පෙන්නපන් වල් බල්ලො  නැත්තම් ඕක වහල දාපන් කාලකණ්ණි හැත්ත	OFF	{'වල්', 'හැත්ත', 'බල්ලො', 'කාලකණ්ණි'}
870854194281947137	""" අද නිතිය වල් වැදිලා-මම ඉන්නේ හරිම කණගාටුවෙන්""පා.ච.රණවක URL"	NOT
1204808052475494400	අපි කාගෙත් ජීවිත වල ලියැවුන සමහර තැන් තියෙනවා තාමත් ඒ තැන් වලින් යද්දි අතීතෙ මතක් වෙනඅම්ම තාත්ත අයියා අපිව පොඩි කාලෙ එක්කරගෙන ගියපු වෙල් යායවල්,වැව් තාවුලු.ටික ටික ලොකු වෙනකොට අපි අපේ ලෝකවල.අම්මලා තාත්තලා අපිට මගහැරුන තැන් වල ඉදගෙන එයාලා අපි දිහා තාමත් බලන් ඉන්නවා.	NOT
1425850803558838276	@USER සෙස්සුවල් සැප නැරඹීම සහ  මුදලට ගැනීම කියන්නේ අයිතියක්..  මෙහෙ ඉතිං බඩු ගහල අතට අහුවුනත් ඒ පක මගෙ නෙමෙයි කියන තාලෙ දෙබිඩි මිනිස්සු නෙ ඉන්නෙ වැඩිහරියක්..	OFF	{'බඩු', 'පක'}
909946224811302914	"වසරක් පාතා අපේ සහෝදර ජනයා දුසිම් ගණන් මරන වල් අලියා දැන් ලක් සමාජයේ සමහරුන්ට ""පූජනීය"" සතෙක් වෙලාද? Are #lka #elephants beyond criticism now?"	NOT
918785606192267264	@USER සීතලයි යකෝ... රූමත් ගෑණි එක්ක කොහෙද ගියා.. රෙද්ද	OFF	{'රෙද්ද', 'ගෑණි'}
1104675236413243392	පැල වවනවා කිව්වම ගන්ජා නැද්ද කියලා අහන්න එපා යකෝ රෙද්ද	OFF	{'රෙද්ද', 'යකෝ'}
1103015214964891649	පැයක ඉදන් නිදාගන්න ට්‍රයි කරන්නේ පැයක ඉදන් උදේ 5ට ඇහැරෙන්න තියනවානින්ද යන්නෑ රෙද්ද	NOT
1129052585921589248	ප්‍රචණ්ඩ ක්‍රියා සිදු කළ කණ්ඩායම්වලට  කිසිදු හමුදා නිලධාරියෙක් සම්බන්ධ නොමැත - යුද හමුදාපති ලුතිනන් ජෙනරල් මහේෂ් සේනානායක  ප/ලි  මේ වෙලාවෙත් ආමී ඇදුම හොරාට ඇදගත්ත එකා ආණ්ඩුවේ දේශපාලුවෙක්ගේ රෙද්ද පල්ලේ හැංගිලා ඇති.  අතීත මතක :- එදා සොත්තී උපාලිලාත්...හමුදා ඇදුම් අනන්තවත් ඇන්දේ	NOT
1004421712459411456	අනුන්ගෙ රෙද්දවල් හොයන එකා, උගේ රෙද්ද කඩන් යනකල්ම දන්නෙ නෑ...	NOT
617606750854778880	අඩෝ  @USER   උඹ නේද අර අන්නාසි බේසමක් ඔලුවෙ තියන් අන්නාසි අන්නාසි කිය කියා ගියෙ....      #SLvPAK :P	NOT
1043377570484350976	"""මං ගිහින් එන්නම් සීයෙ"" ""කොහෙ යන්නද මේ අවුරුදු ගාණකින් ඇවිත්, කාලා පලයන් යන දිහාක, උඹ ඔය රට රටවල ගියාට අපිව මතක් වෙන්නේ අවුරුදු කීයකට පාරක්ද?""  බත් පිඟාන අතටම හම්බුණා. පරිප්පු හොද්ද, අඟුණකොළ මැල්ලුම, ඇඹරැල්ල මාළුව. මම මිදුලේ දෙල් ගහ යට බංකුවේ ඉඳගෙන කන්න ගත්තා.  #this_is_the_life"	NOT
844428978555437058	@USER උඹ මොකකටද මේ රිප්ලයි කරේ මට පොස්ට් එක හොයාගන්න බෑ	NOT
1333140580482867201	උඹ නම් සාපයක්  D A N I E @USER  · 29 Nov 2020 ගම්මිරිස් පාගලා කකුල් දෙක කලුම කලු පාටයි	OFF	{'සාපයක්'}
1433134681730342914	@USER ඇත්ත. මම හිතන්නේ ඒ වර්ගයේ නිර්මාණ වැඩි වෙන්නේ ප්‍රධාන හේතුව ඔය තුනෙන් එකක් හෝ වැඩියෙන් මිනිහෙක් අනිවාර්යයෙන් විදින එක නේ? එතකොට relatable වෙන්න හෙන ලේසියි. කොහොමහරි හැගීමකට හේත්තුව දාගන්න නේ තියෙන්නේ. ඕන කළා නිර්මාණයක අන්තිමට වෙන්නේ ඒකනේ.	NOT
855068980922503168	@USER එළ එළ. එහෙනං මේ ටික බලපං. TV Series එකනං පට්ට බලනවා නං.	NOT
955310378736525312	අත් වැරදීම වුනොත් එතකොට තාත්තා කවුද කියලා හොයන්න සැහෙන්න අමාරු වෙනවා	NOT
1411752073905926149	කම්පැනි එකේ වැරදි හින්දා ඒකේ අඩු පඩියට වැඩ කරන උන්ගෙන් පලි ගන්න යන්න එපා යකෝ ඒවා හෙන කැරි වැඩ   #dialog	OFF	{'වැඩ', 'හෙන', 'යකෝ', 'කැරි'}
877838936441270272	කට්ටිය මෙහෙම එනකොට හෙන සතුටෙන් ආවා ඇති.... URL This Tweet is unavailable.	NOT
1120915184099291136	උඹලට Politicians ලා එපා උනා කියල උන් අයින් කරන්න ඡන්දෙ එනකම් ඉන්නවද? අනේ ගොනෝ ඒ ඡන්දෙත් නාම යෝජනා ගන්නෙ මුන් සෙට් එකම තමයි. කතිරෙ ගහන්නෙ නැතුව ආවත් සෙට් එකක් ඉන්නවා ඕකුන්ට දෙන. ඉතින් ආපහු උන් එනවා.අපි මේවෙලාවෙදි පට්ට අසරණයි.	OFF	{'ගොනෝ'}
668985502251548672	@USER @USER  lel driverල මදිලු. යකෝ ඒක පට්ට paying ජොබ් එකක්. අයි දන්නෑ මිනිස්සු නැත්තෙ!  @USER  @USER	NOT
1115061623620640768	අපි ලංකිකයෝ විදිහට පට්ට අසහනයකින් පෙලනවා. එක නිසාම අපි දෙයක් මතක තියාගෙන ඉන්නේ දවස් 10ක් වගේ. ඊට වඩා මතක තියාගත්තොත් ඒක අපිට හිසරදයක්. උදේ හයට හරි පහට එලියට බැස්සත් වෙලාවට ඔෆිස් යාගන්නේ කෝමද කියලා බහුතරයක් ඔලුව පිස්සු කෙලිනවා. ඔෆිස් ගියාම තියෙන වැඩ ගැනම හිතන්න ඕන එතන ඊට වඩා අවුල්	NOT
1303754550348640256	වැටුන හැම වෙලාවකම ලගින් ඉදලා අමාරු හැම කාලෙකදිම එයා ගැන හොයලා බලලා පොඩ්ඩක් පෙන්න නැති වෙද්දි පන බය උන මම.. අද එයා හොදින් ඉන්නවද කියලවත් දන්නෙ නැතුව බලාගෙන ඉන්නවා.. මට හරි පුදුමයි ඕයී තමුසෙට මගෙ ආදරේ විහිළුවක් උන ගැන.. C H I K U U @USER  · 9 Sep 2020 වැටුන හැම වෙලාවකම ලගින් ඉදලා අමාරු  හැම කාලෙකදිම මං ගැන හොයලා බලලා පොඩ්ඩක් පේන්න නැති වෙද්දී  පන යන්න බය වුන උඹ අද උන්නද මළාද බලන්නේ  නැතුව ඈතින් ඉන්නේ කොහොමද ?රගපෑවද ?  කොහොම වුනත් උඹේ රංගනේනම් පට්ටයි.!!	OFF	{'තමුසෙට', 'තමුසෙ', 'ඕයී'}
886254617561972736	@USER ,  @USER  @USER කාවන් තිස්ස හැබැයි වාහන අවභාවිතා කලෙ නෑ.. එයා Car-One තිස්ස ...එක කා එකලු පට්ට ගැහුවෙ	NOT
1184093433582903296	පට්ට SEEKER @USER  · 15 Oct 2019 ගෝඨගේ ප්‍රශ්න වලට මහින්ද උත්තර දෙන එකට UNP කාරයන්ට ලොකු අමාරුවක් හැදිලා වගේ.  . . සජිත් වගේ ගෝඨා කටින් රට හදන්නේ නෑ නේ.අනික හොඳටම කතා කරන් එකා ජනාධිපති වෙන්නෙත් නෑ. . . එහෙම වෙනවනම් මේ වෙනකොට හිටපු ජනාධිපතිවරුන්ගෙන් බාගයක් JVP වෙන්න ඕන.	NOT
1234816907578048512	Health Tips වතුර වලින් ලෙඩ හොදකරමු. මේ කියන්න යන්නෙ උෂ්ණෝදක ඒ කියන්නෙ උෂණ+උදක> උණු ජලය ගැන.විවිධ රෝග තත්ත්වයනට අනුව වතුර හින්දාගන්නා ආකාරය.ආච්චිලට සීයලට,ම්මලට එහෙම වාත අමාරු තියෙනවනම් ට්‍රයි කරලා බලන්න. :)  කලින් මම දෝෂ ගැන විස්තරයක් දාලා තියන නිසා ඒකත් බැලුවොත් තව තේරෙයි	NOT
1301532125531758595	අඩො ආයෙ පරණ ඩීපිය දාලනේ... ඒක ලස්සනයි  @USER	NOT
640599740984356864	@USER @USER  @USER  අඩො මොකුත් කියන්න එපා මරනව හරිය	OFF	{'අඩො', 'මරනව'}
575575163749670912	අඩො, මචන් බෑට් කරන්නේ.... #SLvSco #WC15	NOT
1434529565863550976	අඩො මයිනගෙ ඩීපි එකෙ ඉන්නෙ දුල්ද  @USER   @USER	NOT
595806961381330944	අපි ටෝක් කරන කඒල්ල ගැන පිටිපස්සෙ එවුන් කියනව 'අඩො අදත් මම දැක්ක බ්න් අර කඒල්ල කොන්ඩෙ දිග කොල්ලෙක් එක්ක එනව'    :-S  @USER  @USER	NOT
1476872692984778753	@USER අඩො ෆලෝ කරල තියෙන්නේ	NOT
1280352517721714688	අඩො ඒලියන් බොක්කා හැපි බර්ත් ඩේ... @USER	NOT
878991723480850436	ඔයාට මම විතරයි ඩාලින් කලින් තෑගි දුන්නේ	NOT
682764033573916673	@USER adeh හැපි නිව් අවුරුද්දක් වේවා ඩාලින්  @USER  ආදරෙයි	NOT
1368493222792622085	මොංගල්ද ඩාලින් මුන්ට  King Of Happiness @USER  · 6 Mar 2021 අඩේ	NOT
684696103124504577	අම්මටහුඩු පාරවල් යට වෙලා 󾌴󾌴 පට්ට යකෝ  󾌴󾌴	NOT
825373111897845761	@USER ඔව් උඹ නෙ මතක නෑ එදා රෑ.	NOT
718097810642571266	බල්ලා එක්ක හැප්පෙන කකුල් දෙකේ හරකා	OFF	{'කකුල්', 'හරකා', 'දෙකේ'}
825728104861671425	අද සැට් උන ඥාති වෙන ලලනා ඩබලකගෙ ඇදුම් ගැන දෙයක් හරු බසෙන් පයිය අකාට කිව්වම ඌ අරුන්ට කියනව'කනට ඇහෙන්න කතානොකරන උන්ට තමයි ජරා කටවල් තියෙන්නෙ'	OFF	{'අකාට', 'පයිය', 'බසෙන්'}
1122430480312352773	@USER  @USER එන්න මචo තේ එකක් බීල යන්න...පොන්න අපිත් මිනිස්සු. ඇයි මෙච්චර violence?	OFF	{'පොන්න'}
1292413274143592449	ගෞරිටද මෝඩ මම මෙච්චර කල් ගෝරි කීවෙ  Shani  @USER  · 9 Aug 2020 ගෞරි ගැවම ලස්සන වෙනවද	NOT
1222524122510442497	මන් තොට කිවුවා කියලා හිතාගනින් පොප්පයා	OFF	{'පොප්පයා', 'තොට'}
605634121662996480	මෙක මහ කරුමයක් යකො රෙද්ද....	OFF	{'කරුමයක්', 'රෙද්ද', 'යකො', 'මහ'}
679514882744532992	බස් එකත් අද නිකන් බඩුව වගේ. හැම එකම ඇතුළට දාගන්නවා.	OFF	{'බඩුව'}
906873943189020674	@USER කටට කෙලත් ඉනුව ඕන්	NOT
823196803826941952	Mike haysmanco:  තෝ දැන් ගිහිල්ල උඹෙ ජ්ෆ්ජැෆ්ම්ස්ක්ජ්ච්:ෂ් gvhh කරල වරෙන්... #SLVSA	OFF	{'තෝ'}
926396548057051136	බල්ලන් හුරතල්..... අවංකයී.... ආදරණීය යී..... විශ්වාස වන්තයී...... ස්වාමියා ට කීකරු යී...... මිනිසාට බල්ලා කීම උචිත නොවන්නේ..... ඒ නිසයී...	NOT
1407773706466758658	අඩො මේ ග්‍රවුන්ඩ් එක හතරැස්  එහෙම අසාධාරණයි  #ENGvSL	NOT
752717623775887360	තොට මොකටද ඒක ??? ..... --------------------------------------- රත්නශ්‍රී විජෙසිංහ <3 මගේ ජිවිතේ වීරයෙක් <3... URL	OFF	{'තොට'}
692723076765736960	@USER @USER  උඹ ඒ තරම් නාකි ද පෝල්?	OFF	{'නාකි'}
1258804618835963905	අඩෝ අඩො සැපක් දුන්නේ.. මම එච්චර සිරා නැ ආතල් දෙන්නෙ	NOT
911589749105684481	"BBC සිංහල - ""මේ දුක දන්නේ අම්ම කෙනෙක් විතරයි"" URL"	NOT
657618455017820160	"""කෝකිස් අවුරුදු මේමිස් අතෙ නෝ මුදු  එනවද මගෙ ලඟට වතු  හඳහන් බලලා හදමු පෝරු!""  මැරෙන්න ගහන්න හිතයි ඉරාජ්ට! ගොන් ගීත  Last one #sajje"	OFF	{'ගොන්'}
1261299214685925377	@USER  @USER ඔව් අපේ දෙකක් නෙහ්.. ඒ හින්දා පොඩ්ඩක් අමාරු මාත් ගෙදර නෙහ්.. වැඩ නැනේ මේ කාලේ...	NOT
588112960565960706	මුන්ට මොලේ අමාරුව මට එකක් ගන්න බැරුව ඉන්නවා මුන් මේක කඩනවා ඇයි යකෝ මගේ හිත මුන් මෙහෙම කඩන්නේ.................?? URL	NOT
1177644141242486784	@USER ඕ..දිරවගන්න අමාරු , ඒත් කොහොමහරි දිරවගන්න ඕන ඇත්ත..	NOT
661548408398721025	අඩො අපිත් පාරට බහිනව රජයේ Campus අයින් කරන්න කියල	NOT
638885901175668736	@USER @USER  අඩො මන් අදහස් කරෙ පෘතුවිය=අපි ,,,	NOT
712302838039257088	අඩො  I.S කාරයෝ ගහගනවද කියල බලපන්..  Sithummmm @USER  · 22 Mar 2016 නින්ද ගියා.ඒ අස්සේ කවුද එකෙක් ෆයර් එලාම් එක එක්ක පිස්සු කෙලිනවා.උඩ ගිහින් ඇහුරුනේ..	NOT
